,Price
0,18.63
1,18.45
2,18.55
3,18.6
4,18.63
5,18.6
6,18.6
7,18.58
8,18.65
9,18.68
10,18.75
11,18.78
12,18.65
13,18.75
14,18.78
15,18.78
16,18.68
17,18.78
18,18.9
19,19.03
20,19.05
21,19.05
22,19.1
23,18.9
24,18.75
25,18.7
26,19.08
27,19.15
28,19.08
29,18.98
30,19.25
31,19.33
32,19.48
33,19.5
34,19.48
35,19.68
36,19.73
37,19.83
38,19.88
39,20.28
40,20.4
41,20.63
42,20.55
43,20.35
44,20.33
45,20.15
46,19.58
47,19.3
48,19.78
49,19.98
50,20.2
51,20.03
52,20.95
53,20.65
54,19.8
55,19.75
56,19.65
57,19.43
58,19.45
59,19.5
60,19.4
61,19.25
62,18.85
63,18.75
64,18.5
65,18.3
66,18.1
67,17.48
68,17.55
69,18.1
70,18.28
71,18.2
72,18.63
73,18.43
74,18.4
75,18.18
76,18.13
77,17.6
78,17.68
79,17.9
80,18.3
81,18.18
82,18.15
83,18.53
84,18.53
85,18.43
86,18.3
87,18.28
88,18.48
89,18.48
90,18.68
91,18.6
92,18.65
93,18.5
94,18.48
95,18.5
96,18.65
97,18.78
98,18.6
99,18.58
100,18.63
101,18.6
102,18.55
103,18.55
104,18.68
105,18.68
106,19.0
107,19.1
108,18.78
109,18.93
110,19.13
111,18.98
112,18.75
113,18.8
114,18.85
115,18.75
116,18.8
117,18.63
118,18.38
119,17.93
120,17.85
121,17.95
122,17.5
123,17.75
124,17.8
125,17.85
126,17.8
127,17.68
128,17.4
129,17.18
130,17.48
131,17.6
132,17.9
133,17.83
134,17.68
135,17.73
136,17.78
137,17.7
138,17.65
139,17.7
140,17.93
141,18.0
142,17.78
143,17.58
144,17.43
145,17.55
146,17.73
147,16.8
148,16.2
149,15.93
150,15.03
151,15.6
152,15.4
153,16.7
154,17.25
155,17.1
156,17.0
157,17.38
158,17.85
159,17.6
160,17.95
161,17.08
162,17.9
163,16.88
164,16.65
165,15.95
166,16.38
167,16.55
168,16.65
169,16.83
170,17.1
171,16.83
172,17.08
173,16.7
174,16.45
175,16.13
176,16.1
177,16.28
178,16.1
179,16.18
180,16.15
181,16.18
182,16.1
183,16.5
184,16.4
185,16.13
186,16.1
187,15.75
188,15.68
189,15.63
190,15.85
191,15.48
192,15.55
193,15.38
194,15.58
195,15.35
196,14.85
197,14.65
198,14.73
199,14.18
200,13.8
201,14.0
202,14.0
203,13.9
204,13.8
205,13.98
206,14.48
207,14.88
208,14.28
209,14.3
210,14.45
211,14.43
212,14.93
213,15.38
214,15.03
215,15.4
216,15.65
217,15.45
218,15.55
219,15.6
220,15.7
221,15.65
222,15.5
223,15.38
224,15.53
225,15.55
226,16.2
227,16.48
228,16.55
229,16.65
230,16.85
231,17.45
232,17.05
233,16.78
234,17.0
235,17.15
236,17.13
237,17.18
238,17.4
239,16.88
240,16.6
241,15.95
242,16.08
243,16.15
244,16.15
245,16.45
246,16.5
247,16.38
248,16.48
249,16.4
250,16.5
251,16.6
252,16.6
253,16.4
254,16.25
255,16.45
256,16.23
257,16.3
258,16.18
259,16.18
260,16.25
261,16.23
262,16.2
263,16.33
264,16.33
265,16.45
266,16.25
267,16.23
268,16.28
269,16.3
270,15.85
271,15.53
272,15.85
273,15.7
274,15.43
275,15.48
276,15.0
277,15.0
278,15.13
279,15.18
280,15.15
281,14.93
282,14.83
283,14.55
284,14.18
285,13.95
286,14.05
287,13.98
288,14.5
289,15.5
290,15.05
291,14.63
292,14.0
293,14.1
294,14.1
295,14.25
296,15.0
297,14.93
298,15.48
299,15.63
300,15.83
301,15.8
302,15.38
303,15.45
304,15.7
305,15.75
306,15.6
307,15.35
308,15.0
309,14.5
310,14.85
311,15.48
312,15.4
313,15.1
314,15.13
315,14.98
316,14.8
317,14.85
318,14.75
319,14.78
320,14.85
321,15.03
322,14.8
323,14.85
324,14.63
325,14.5
326,14.48
327,14.45
328,14.4
329,14.15
330,14.0
331,13.68
332,13.35
333,13.18
334,13.3
335,13.25
336,12.7
337,13.4
338,13.9
339,13.5
340,13.23
341,12.85
342,13.15
343,13.05
344,13.2
345,13.2
346,13.1
347,12.58
348,12.75
349,12.5
350,11.93
351,11.6
352,11.65
353,11.2
354,11.3
355,11.35
356,12.2
357,12.35
358,12.45
359,12.55
360,13.2
361,13.55
362,12.9
363,13.35
364,13.5
365,13.48
366,12.2
367,12.08
368,12.08
369,12.33
370,12.6
371,12.6
372,12.18
373,12.35
374,12.5
375,12.75
376,12.75
377,12.6
378,12.7
379,13.03
380,13.03
381,13.0
382,13.0
383,12.7
384,12.05
385,12.08
386,12.13
387,13.35
388,13.33
389,12.98
390,14.7
391,14.73
392,14.25
393,14.35
394,14.93
395,14.8
396,14.73
397,14.4
398,14.7
399,15.05
400,14.9
401,15.2
402,15.18
403,15.35
404,15.58
405,15.6
406,15.3
407,15.28
408,15.33
409,15.25
410,15.38
411,16.25
412,16.1
413,15.9
414,16.23
415,16.4
416,16.53
417,16.58
418,16.85
419,17.0
420,16.75
421,16.9
422,16.85
423,17.4
424,17.5
425,17.78
426,17.95
427,18.1
428,18.15
429,16.98
430,17.05
431,17.7
432,17.73
433,17.18
434,16.85
435,16.38
436,16.4
437,16.95
438,16.75
439,16.5
440,16.6
441,16.75
442,16.58
443,16.4
444,16.5
445,16.83
446,16.75
447,17.15
448,17.15
449,17.38
450,17.2
451,16.95
452,17.1
453,17.05
454,17.55
455,17.23
456,17.25
457,17.45
458,17.73
459,17.73
460,17.55
461,17.55
462,17.8
463,17.63
464,18.1
465,18.63
466,19.08
467,18.95
468,19.3
469,19.18
470,19.63
471,19.6
472,19.93
473,19.73
474,19.45
475,20.0
476,20.45
477,19.65
478,19.9
479,19.75
480,19.08
481,19.4
482,19.6
483,19.95
484,19.85
485,19.95
486,19.63
487,19.88
488,20.2
489,21.5
490,22.25
491,21.6
492,21.2
493,21.15
494,21.05
495,20.65
496,20.15
497,19.15
498,18.88
499,19.7
500,19.4
501,18.8
502,19.03
503,18.88
504,19.3
505,19.2
506,19.2
507,19.8
508,18.58
509,18.6
510,18.3
511,17.4
512,17.7
513,18.15
514,18.2
515,17.65
516,17.73
517,18.03
518,18.25
519,18.08
520,18.15
521,18.55
522,18.5
523,18.15
524,17.8
525,17.95
526,17.18
527,16.8
528,16.9
529,16.95
530,16.65
531,16.85
532,16.88
533,17.13
534,17.3
535,18.03
536,18.23
537,18.2
538,18.0
539,18.2
540,18.28
541,18.4
542,18.6
543,18.75
544,18.3
545,17.85
546,17.83
547,17.63
548,17.65
549,17.6
550,17.9
551,18.05
552,18.05
553,17.85
554,17.98
555,17.83
556,17.3
557,17.05
558,16.5
559,16.28
560,16.38
561,16.3
562,16.23
563,16.1
564,16.4
565,16.15
566,16.05
567,16.28
568,16.45
569,16.93
570,17.0
571,16.85
572,17.0
573,17.0
574,16.95
575,16.83
576,16.9
577,17.1
578,17.08
579,17.05
580,16.95
581,16.98
582,17.1
583,17.13
584,17.2
585,17.33
586,17.43
587,17.45
588,17.8
589,17.8
590,17.83
591,17.98
592,17.9
593,18.05
594,17.9
595,17.88
596,18.05
597,17.9
598,17.8
599,17.85
600,17.53
601,17.45
602,17.45
603,17.55
604,17.93
605,18.23
606,18.58
607,18.73
608,18.78
609,18.43
610,18.45
611,18.25
612,18.55
613,18.85
614,19.23
615,19.6
616,19.38
617,19.53
618,19.43
619,19.33
620,19.2
621,18.88
622,18.8
623,18.88
624,18.48
625,18.7
626,18.98
627,18.93
628,19.23
629,19.2
630,19.0
631,18.95
632,18.9
633,18.9
634,18.85
635,19.05
636,18.85
637,18.7
638,18.65
639,18.65
640,18.75
641,18.8
642,18.68
643,18.6
644,18.4
645,18.48
646,18.5
647,18.23
648,18.15
649,18.48
650,18.68
651,19.28
652,19.18
653,19.28
654,19.33
655,19.15
656,19.45
657,19.53
658,19.78
659,19.68
660,19.68
661,19.98
662,20.28
663,20.23
664,20.13
665,20.5
666,20.9
667,20.85
668,21.05
669,21.2
670,22.65
671,22.5
672,23.13
673,21.38
674,21.03
675,21.95
676,21.88
677,22.13
678,21.6
679,21.15
680,20.45
681,20.78
682,21.28
683,20.88
684,20.23
685,20.18
686,20.55
687,20.63
688,20.73
689,20.73
690,20.5
691,20.58
692,20.73
693,20.73
694,20.6
695,20.15
696,20.05
697,19.75
698,19.68
699,20.03
700,19.6
701,19.9
702,19.88
703,19.95
704,19.68
705,19.5
706,19.35
707,18.78
708,18.9
709,19.23
710,19.2
711,19.33
712,19.18
713,19.15
714,19.18
715,18.95
716,18.73
717,18.68
718,18.3
719,18.53
720,18.33
721,18.48
722,18.4
723,17.83
724,17.75
725,17.78
726,17.83
727,17.88
728,18.23
729,18.1
730,18.03
731,17.9
732,17.95
733,18.18
734,18.2
735,17.95
736,17.55
737,17.1
738,16.53
739,15.93
740,15.3
741,15.8
742,15.7
743,15.33
744,16.13
745,16.35
746,16.95
747,16.75
748,16.5
749,16.6
750,16.43
751,16.35
752,16.43
753,16.58
754,15.93
755,15.58
756,15.65
757,16.18
758,16.45
759,16.7
760,16.73
761,17.4
762,17.4
763,17.25
764,17.05
765,17.08
766,16.65
767,16.48
768,15.7
769,15.8
770,15.95
771,15.48
772,15.98
773,15.3
774,15.43
775,15.35
776,14.78
777,14.8
778,15.03
779,14.68
780,14.73
781,14.95
782,14.9
783,15.3
784,15.15
785,14.83
786,14.75
787,14.75
788,14.75
789,15.4
790,15.58
791,15.58
792,15.33
793,15.4
794,15.73
795,15.4
796,15.48
797,15.48
798,15.23
799,15.35
800,14.98
801,15.58
802,15.7
803,15.88
804,17.03
805,17.7
806,17.58
807,17.7
808,17.85
809,18.0
810,18.73
811,19.08
812,19.0
813,18.73
814,19.03
815,18.98
816,19.23
817,19.93
818,22.25
819,24.13
820,27.28
821,27.35
822,25.15
823,25.9
824,26.3
825,26.63
826,27.1
827,26.53
828,27.2
829,28.45
830,28.9
831,29.05
832,30.45
833,32.35
834,31.65
835,27.65
836,27.65
837,27.65
838,27.5
839,27.8
840,30.53
841,30.08
842,31.23
843,32.15
844,31.45
845,31.45
846,32.1
847,31.28
848,31.88
849,33.35
850,34.9
851,35.95
852,35.08
853,35.65
854,36.95
855,40.75
856,39.9
857,40.85
858,41.45
859,41.0
860,38.95
861,35.45
862,37.55
863,37.2
864,39.05
865,39.2
866,40.9
867,40.2
868,41.15
869,39.9
870,38.28
871,38.93
872,35.33
873,35.65
874,33.2
875,27.45
876,28.95
877,30.1
878,32.9
879,33.73
880,34.65
881,35.5
882,34.3
883,35.65
884,35.05
885,33.8
886,33.2
887,34.55
888,34.85
889,34.25
890,32.85
891,33.65
892,31.95
893,32.2
894,30.55
895,30.85
896,30.1
897,30.65
898,31.4
899,32.05
900,35.1
901,34.83
902,34.1
903,34.65
904,31.2
905,31.25
906,31.5
907,30.2
908,27.35
909,28.3
910,28.75
911,28.03
912,27.28
913,27.8
914,28.45
915,28.2
916,27.55
917,28.13
918,27.55
919,26.9
920,27.7
921,27.7
922,27.05
923,27.43
924,28.35
925,26.78
926,25.05
927,24.08
928,25.93
929,25.73
930,22.35
931,26.58
932,26.05
933,29.55
934,29.25
935,30.28
936,21.1
937,19.1
938,19.25
939,20.73
940,22.15
941,20.9
942,20.8
943,20.4
944,20.75
945,20.95
946,20.7
947,20.8
948,20.45
949,20.2
950,20.93
951,20.9
952,20.65
953,21.23
954,21.1
955,21.0
956,20.5
957,18.35
958,17.68
959,17.85
960,18.75
961,18.55
962,17.8
963,17.83
964,18.0
965,18.65
966,19.5
967,19.33
968,20.2
969,20.05
970,19.85
971,19.65
972,19.1
973,18.6
974,18.43
975,20.33
976,19.98
977,19.05
978,18.3
979,18.95
980,18.98
981,18.8
982,18.95
983,18.6
984,18.35
985,18.15
986,18.0
987,18.0
988,17.63
989,17.75
990,18.0
991,18.35
992,18.58
993,18.6
994,19.25
995,19.5
996,19.93
997,20.23
998,19.9
999,19.85
1000,19.4
1001,19.18
1002,19.78
1003,19.6
1004,19.55
1005,19.6
1006,19.63
1007,19.95
1008,19.7
1009,19.7
1010,19.7
1011,19.55
1012,19.8
1013,19.85
1014,19.8
1015,20.08
1016,19.53
1017,19.25
1018,18.95
1019,18.8
1020,18.75
1021,18.75
1022,18.9
1023,19.03
1024,18.58
1025,18.78
1026,18.83
1027,19.0
1028,18.75
1029,18.73
1030,19.0
1031,19.0
1032,18.83
1033,18.63
1034,18.03
1035,18.28
1036,18.0
1037,17.85
1038,17.73
1039,18.0
1040,17.7
1041,17.85
1042,18.0
1043,17.88
1044,18.15
1045,18.43
1046,18.18
1047,18.15
1048,18.1
1049,18.08
1050,18.48
1051,18.53
1052,18.55
1053,18.5
1054,18.48
1055,18.7
1056,18.98
1057,19.03
1058,19.23
1059,19.2
1060,19.78
1061,19.6
1062,19.83
1063,20.13
1064,20.28
1065,20.28
1066,20.08
1067,19.58
1068,19.33
1069,19.6
1070,19.73
1071,19.58
1072,19.48
1073,19.65
1074,19.73
1075,19.4
1076,19.5
1077,19.45
1078,19.35
1079,19.7
1080,19.58
1081,19.63
1082,19.5
1083,19.23
1084,19.25
1085,19.35
1086,20.55
1087,20.98
1088,19.55
1089,19.53
1090,19.85
1091,20.03
1092,20.03
1093,19.98
1094,20.3
1095,20.53
1096,20.65
1097,20.55
1098,20.25
1099,20.1
1100,20.13
1101,19.85
1102,19.93
1103,20.0
1104,20.25
1105,20.35
1106,20.53
1107,20.3
1108,20.53
1109,20.43
1110,20.55
1111,20.83
1112,20.75
1113,20.65
1114,21.0
1115,21.48
1116,21.43
1117,21.15
1118,21.3
1119,21.75
1120,21.83
1121,21.98
1122,21.95
1123,22.43
1124,22.13
1125,22.08
1126,22.6
1127,22.83
1128,22.6
1129,22.73
1130,23.0
1131,22.95
1132,22.65
1133,22.48
1134,22.25
1135,22.35
1136,21.9
1137,21.85
1138,21.95
1139,22.0
1140,22.53
1141,22.73
1142,22.53
1143,22.0
1144,21.85
1145,21.8
1146,21.45
1147,21.2
1148,21.5
1149,21.0
1150,21.63
1151,21.35
1152,21.08
1153,20.48
1154,20.73
1155,20.15
1156,19.78
1157,19.78
1158,19.65
1159,19.98
1160,20.08
1161,19.6
1162,19.2
1163,19.18
1164,19.15
1165,19.05
1166,18.25
1167,18.1
1168,18.28
1169,18.58
1170,19.05
1171,18.55
1172,18.13
1173,18.15
1174,18.15
1175,18.55
1176,17.6
1177,17.78
1178,17.78
1179,17.75
1180,18.0
1181,17.75
1182,18.45
1183,18.5
1184,18.75
1185,18.4
1186,17.3
1187,17.18
1188,17.23
1189,18.08
1190,18.23
1191,18.38
1192,18.68
1193,18.48
1194,18.45
1195,17.85
1196,17.83
1197,18.1
1198,18.33
1199,18.55
1200,18.43
1201,18.15
1202,18.1
1203,18.15
1204,18.35
1205,18.4
1206,18.48
1207,18.53
1208,18.58
1209,18.95
1210,18.48
1211,18.33
1212,18.53
1213,18.63
1214,17.65
1215,17.7
1216,17.5
1217,17.85
1218,18.0
1219,17.4
1220,17.43
1221,17.28
1222,17.55
1223,17.45
1224,17.35
1225,17.05
1226,17.28
1227,17.43
1228,17.3
1229,17.35
1230,17.35
1231,17.2
1232,17.35
1233,17.73
1234,17.73
1235,17.88
1236,17.65
1237,17.65
1238,17.75
1239,17.58
1240,17.65
1241,17.7
1242,17.98
1243,17.85
1244,17.98
1245,19.09
1246,18.38
1247,18.53
1248,18.63
1249,18.93
1250,18.93
1251,19.18
1252,18.95
1253,19.05
1254,19.03
1255,18.85
1256,18.6
1257,18.95
1258,18.95
1259,19.0
1260,18.73
1261,18.7
1262,18.9
1263,18.9
1264,19.18
1265,19.28
1266,19.65
1267,19.83
1268,19.88
1269,19.98
1270,19.68
1271,19.65
1272,19.63
1273,19.73
1274,19.8
1275,19.95
1276,19.75
1277,19.7
1278,19.7
1279,19.3
1280,19.28
1281,19.6
1282,19.58
1283,20.5
1284,20.8
1285,20.73
1286,20.7
1287,20.9
1288,20.85
1289,21.23
1290,21.08
1291,21.35
1292,21.25
1293,21.13
1294,21.05
1295,21.33
1296,21.28
1297,21.3
1298,21.13
1299,21.03
1300,21.23
1301,21.13
1302,20.83
1303,21.35
1304,21.55
1305,21.5
1306,21.3
1307,21.08
1308,20.6
1309,20.25
1310,20.53
1311,20.65
1312,20.45
1313,19.8
1314,19.7
1315,19.78
1316,20.0
1317,19.83
1318,19.98
1319,19.85
1320,20.23
1321,20.2
1322,19.95
1323,20.03
1324,20.23
1325,20.48
1326,20.6
1327,20.58
1328,20.78
1329,20.68
1330,20.48
1331,20.38
1332,20.33
1333,19.85
1334,19.68
1335,19.78
1336,19.75
1337,19.55
1338,19.48
1339,19.65
1340,19.83
1341,19.88
1342,19.95
1343,19.9
1344,19.8
1345,19.63
1346,19.68
1347,19.65
1348,19.68
1349,19.63
1350,19.5
1351,19.65
1352,19.65
1353,19.88
1354,20.0
1355,19.95
1356,20.03
1357,20.13
1358,20.3
1359,20.33
1360,20.3
1361,20.35
1362,20.68
1363,20.5
1364,20.43
1365,20.35
1366,20.3
1367,20.15
1368,20.33
1369,20.53
1370,20.43
1371,20.33
1372,20.28
1373,20.18
1374,20.18
1375,20.28
1376,20.4
1377,20.2
1378,20.23
1379,20.28
1380,20.48
1381,20.48
1382,20.8
1383,20.83
1384,20.68
1385,20.73
1386,20.78
1387,20.73
1388,20.68
1389,20.28
1390,20.13
1391,20.03
1392,19.78
1393,19.78
1394,19.65
1395,19.4
1396,19.13
1397,19.25
1398,19.35
1399,19.03
1400,19.2
1401,19.13
1402,19.1
1403,19.53
1404,19.4
1405,19.18
1406,19.05
1407,19.2
1408,19.15
1409,19.1
1410,19.48
1411,19.48
1412,19.15
1413,19.18
1414,19.28
1415,18.93
1416,19.08
1417,19.25
1418,18.65
1419,18.38
1420,18.2
1421,18.35
1422,18.25
1423,18.08
1424,17.8
1425,18.28
1426,18.2
1427,18.03
1428,17.8
1429,17.9
1430,18.18
1431,18.3
1432,18.33
1433,18.08
1434,18.23
1435,18.28
1436,17.93
1437,17.83
1438,17.85
1439,17.73
1440,17.48
1441,17.53
1442,17.58
1443,17.23
1444,17.28
1445,16.85
1446,16.85
1447,17.0
1448,17.28
1449,17.25
1450,16.98
1451,16.7
1452,16.88
1453,17.08
1454,17.58
1455,17.93
1456,17.88
1457,18.15
1458,18.48
1459,18.55
1460,18.4
1461,18.65
1462,18.7
1463,18.55
1464,18.33
1465,18.48
1466,18.43
1467,18.48
1468,17.98
1469,18.2
1470,17.93
1471,17.83
1472,18.3
1473,18.63
1474,18.88
1475,18.88
1476,18.83
1477,18.83
1478,19.03
1479,18.83
1480,18.93
1481,19.35
1482,19.6
1483,19.28
1484,19.23
1485,19.08
1486,18.7
1487,18.83
1488,18.88
1489,18.55
1490,18.6
1491,18.7
1492,18.58
1493,18.18
1494,18.23
1495,18.53
1496,18.6
1497,18.55
1498,18.65
1499,18.45
1500,18.7
1501,18.98
1502,18.88
1503,18.95
1504,18.65
1505,18.7
1506,18.53
1507,18.8
1508,18.73
1509,18.63
1510,18.5
1511,18.48
1512,18.53
1513,18.68
1514,18.48
1515,18.63
1516,18.63
1517,18.58
1518,18.48
1519,18.8
1520,18.85
1521,18.9
1522,18.85
1523,19.13
1524,18.98
1525,18.98
1526,18.83
1527,18.9
1528,18.7
1529,18.4
1530,18.28
1531,18.18
1532,18.13
1533,18.1
1534,18.05
1535,18.15
1536,18.15
1537,18.08
1538,18.43
1539,18.43
1540,18.48
1541,18.48
1542,18.15
1543,18.25
1544,18.0
1545,18.23
1546,18.23
1547,18.2
1548,17.63
1549,17.58
1550,17.3
1551,17.33
1552,17.23
1553,17.13
1554,17.18
1555,17.18
1556,17.18
1557,17.23
1558,17.23
1559,17.23
1560,17.48
1561,17.43
1562,16.98
1563,16.63
1564,16.88
1565,17.13
1566,16.9
1567,16.55
1568,16.53
1569,16.78
1570,16.95
1571,16.5
1572,16.48
1573,16.6
1574,16.58
1575,16.58
1576,16.73
1577,16.65
1578,16.85
1579,16.85
1580,16.85
1581,17.13
1582,17.08
1583,16.85
1584,16.85
1585,16.53
1586,16.63
1587,16.6
1588,16.38
1589,16.45
1590,16.3
1591,16.58
1592,16.78
1593,16.93
1594,16.8
1595,16.88
1596,16.63
1597,16.63
1598,16.68
1599,16.83
1600,16.93
1601,16.68
1602,16.75
1603,17.05
1604,16.73
1605,16.55
1606,16.5
1607,16.33
1608,16.23
1609,15.85
1610,15.65
1611,15.73
1612,15.43
1613,15.43
1614,15.58
1615,15.35
1616,15.43
1617,15.55
1618,16.03
1619,16.25
1620,15.88
1621,15.88
1622,16.1
1623,16.1
1624,16.4
1625,16.78
1626,17.23
1627,17.08
1628,16.9
1629,16.78
1630,16.98
1631,16.88
1632,16.98
1633,17.13
1634,17.15
1635,17.0
1636,16.8
1637,16.7
1638,16.5
1639,16.53
1640,16.68
1641,16.88
1642,16.48
1643,16.13
1644,15.95
1645,15.95
1646,15.83
1647,15.43
1648,15.83
1649,15.63
1650,15.83
1651,15.78
1652,15.73
1653,15.28
1654,15.33
1655,15.23
1656,15.18
1657,15.08
1658,15.25
1659,15.33
1660,15.55
1661,15.4
1662,15.25
1663,15.35
1664,15.25
1665,15.13
1666,14.35
1667,14.28
1668,14.05
1669,14.23
1670,14.43
1671,14.15
1672,13.95
1673,13.9
1674,13.88
1675,13.45
1676,13.6
1677,13.8
1678,13.9
1679,14.78
1680,13.8
1681,13.63
1682,13.85
1683,13.63
1684,13.45
1685,13.6
1686,13.55
1687,13.38
1688,13.13
1689,13.2
1690,13.18
1691,13.43
1692,14.1
1693,14.55
1694,14.63
1695,14.15
1696,14.1
1697,13.9
1698,13.75
1699,14.1
1700,14.4
1701,14.1
1702,14.25
1703,14.1
1704,14.23
1705,14.35
1706,14.63
1707,14.8
1708,14.78
1709,14.65
1710,14.83
1711,15.03
1712,15.4
1713,15.48
1714,14.93
1715,14.6
1716,14.13
1717,13.53
1718,13.58
1719,13.7
1720,13.4
1721,13.13
1722,13.08
1723,13.28
1724,13.0
1725,13.05
1726,13.2
1727,13.2
1728,13.4
1729,13.33
1730,13.59
1731,13.45
1732,13.5
1733,13.55
1734,13.43
1735,13.13
1736,13.15
1737,13.3
1738,13.23
1739,13.7
1740,14.03
1741,14.28
1742,14.3
1743,14.25
1744,14.05
1745,14.55
1746,14.8
1747,14.5
1748,14.53
1749,14.58
1750,13.75
1751,13.38
1752,13.23
1753,13.25
1754,14.33
1755,14.33
1756,14.4
1757,14.3
1758,14.73
1759,14.8
1760,15.0
1761,15.28
1762,15.23
1763,15.48
1764,15.13
1765,15.3
1766,15.63
1767,16.28
1768,16.38
1769,16.05
1770,15.75
1771,15.65
1772,15.35
1773,15.93
1774,15.95
1775,15.85
1776,16.25
1777,16.33
1778,16.25
1779,16.1
1780,16.25
1781,16.5
1782,16.23
1783,15.83
1784,15.98
1785,16.15
1786,16.23
1787,16.63
1788,16.63
1789,16.33
1790,16.08
1791,16.08
1792,16.18
1793,16.4
1794,16.35
1795,16.13
1796,16.18
1797,15.95
1798,15.65
1799,16.13
1800,16.38
1801,16.23
1802,16.4
1803,16.73
1804,16.88
1805,17.13
1806,17.38
1807,17.63
1808,17.48
1809,17.3
1810,17.4
1811,17.4
1812,16.98
1813,17.23
1814,17.45
1815,17.65
1816,17.5
1817,17.13
1818,16.9
1819,16.78
1820,17.0
1821,17.48
1822,18.25
1823,18.25
1824,18.33
1825,18.15
1826,17.5
1827,17.2
1828,17.35
1829,17.45
1830,17.58
1831,17.35
1832,17.43
1833,17.83
1834,18.0
1835,18.48
1836,19.03
1837,18.48
1838,18.48
1839,18.43
1840,17.78
1841,17.93
1842,17.68
1843,17.33
1844,17.5
1845,17.1
1846,16.75
1847,16.68
1848,16.28
1849,16.3
1850,16.13
1851,15.25
1852,15.3
1853,15.8
1854,15.75
1855,15.85
1856,15.78
1857,16.03
1858,16.03
1859,15.88
1860,15.6
1861,15.95
1862,16.03
1863,16.05
1864,15.93
1865,15.83
1866,15.48
1867,15.4
1868,15.25
1869,15.3
1870,15.45
1871,15.78
1872,15.8
1873,15.9
1874,16.3
1875,16.1
1876,16.1
1877,16.2
1878,16.6
1879,16.73
1880,16.85
1881,16.7
1882,16.5
1883,16.63
1884,16.93
1885,16.7
1886,16.38
1887,16.08
1888,15.63
1889,15.58
1890,15.75
1891,16.13
1892,16.28
1893,16.53
1894,16.35
1895,16.48
1896,16.48
1897,16.88
1898,17.08
1899,17.18
1900,17.18
1901,17.4
1902,17.58
1903,17.75
1904,18.0
1905,17.78
1906,17.38
1907,17.55
1908,17.2
1909,17.38
1910,17.25
1911,16.98
1912,16.8
1913,16.53
1914,16.45
1915,17.25
1916,17.2
1917,16.88
1918,16.95
1919,17.0
1920,16.95
1921,17.0
1922,16.95
1923,16.98
1924,16.35
1925,15.93
1926,16.05
1927,15.83
1928,16.13
1929,16.08
1930,15.98
1931,15.73
1932,15.83
1933,15.6
1934,15.48
1935,15.58
1936,15.73
1937,15.65
1938,15.6
1939,15.55
1940,16.08
1941,16.25
1942,16.23
1943,15.88
1944,15.93
1945,16.13
1946,16.35
1947,16.08
1948,16.0
1949,16.4
1950,16.48
1951,16.2
1952,16.38
1953,16.78
1954,16.95
1955,17.08
1956,17.23
1957,17.0
1958,17.15
1959,16.98
1960,16.73
1961,16.38
1962,16.68
1963,16.8
1964,17.05
1965,17.0
1966,17.4
1967,17.08
1968,17.05
1969,17.03
1970,16.85
1971,16.85
1972,16.88
1973,17.0
1974,17.1
1975,17.13
1976,17.4
1977,17.43
1978,17.18
1979,17.08
1980,17.1
1981,17.1
1982,17.35
1983,17.23
1984,16.85
1985,16.55
1986,16.68
1987,16.75
1988,16.85
1989,16.73
1990,16.65
1991,16.5
1992,16.3
1993,16.33
1994,16.38
1995,16.5
1996,16.55
1997,16.83
1998,16.8
1999,17.08
2000,17.48
2001,17.65
2002,17.83
2003,17.85
2004,18.05
2005,17.98
2006,17.98
2007,17.88
2008,18.03
2009,18.35
2010,18.5
2011,18.45
2012,18.15
2013,18.63
2014,18.73
2015,17.98
2016,18.55
2017,18.73
2018,19.15
2019,19.18
2020,19.05
2021,19.35
2022,18.9
2023,19.08
2024,18.98
2025,19.38
2026,18.83
2027,18.33
2028,18.68
2029,18.85
2030,18.78
2031,18.12
2032,18.1
2033,18.08
2034,18.23
2035,18.43
2036,18.53
2037,18.5
2038,18.23
2039,18.43
2040,18.38
2041,18.48
2042,18.55
2043,18.0
2044,17.8
2045,17.43
2046,17.58
2047,17.7
2048,17.9
2049,18.23
2050,17.95
2051,18.13
2052,17.93
2053,17.68
2054,17.63
2055,17.83
2056,17.63
2057,17.95
2058,17.75
2059,16.93
2060,16.98
2061,16.5
2062,16.55
2063,16.4
2064,16.55
2065,16.63
2066,16.95
2067,16.5
2068,16.58
2069,16.35
2070,15.93
2071,16.0
2072,16.15
2073,16.1
2074,15.88
2075,15.93
2076,16.03
2077,15.98
2078,15.8
2079,15.73
2080,15.68
2081,15.8
2082,15.68
2083,15.35
2084,15.38
2085,15.48
2086,16.0
2087,15.98
2088,15.93
2089,15.78
2090,16.1
2091,16.13
2092,15.99
2093,16.08
2094,15.9
2095,16.0
2096,16.13
2097,16.08
2098,16.23
2099,15.93
2100,15.85
2101,15.78
2102,15.85
2103,16.03
2104,16.25
2105,16.23
2106,16.5
2107,16.3
2108,16.15
2109,16.23
2110,16.18
2111,16.2
2112,16.25
2113,16.62
2114,16.68
2115,16.63
2116,16.6
2117,16.93
2118,16.75
2119,16.9
2120,16.85
2121,17.0
2122,17.18
2123,17.23
2124,17.23
2125,17.0
2126,16.6
2127,16.4
2128,16.18
2129,16.15
2130,16.28
2131,16.65
2132,16.58
2133,16.55
2134,16.58
2135,16.4
2136,15.85
2137,15.75
2138,16.0
2139,15.95
2140,16.05
2141,15.9
2142,15.98
2143,16.15
2144,16.03
2145,15.98
2146,15.85
2147,15.8
2148,15.88
2149,16.08
2150,15.98
2151,16.3
2152,16.35
2153,16.45
2154,16.58
2155,16.53
2156,16.83
2157,16.88
2158,16.78
2159,16.7
2160,16.75
2161,16.9
2162,16.83
2163,16.63
2164,16.58
2165,16.73
2166,16.78
2167,17.03
2168,16.8
2169,16.6
2170,16.9
2171,16.88
2172,16.93
2173,17.2
2174,17.25
2175,17.3
2176,17.13
2177,17.18
2178,17.35
2179,17.53
2180,17.55
2181,17.48
2182,17.73
2183,17.68
2184,17.48
2185,17.7
2186,17.9
2187,18.15
2188,18.33
2189,18.03
2190,18.05
2191,18.1
2192,18.18
2193,18.73
2194,18.78
2195,18.65
2196,18.95
2197,19.15
2198,19.13
2199,19.5
2200,19.68
2201,19.05
2202,18.48
2203,17.85
2204,17.58
2205,17.5
2206,17.73
2207,17.43
2208,17.88
2209,17.53
2210,17.53
2211,17.38
2212,17.33
2213,17.0
2214,16.7
2215,16.23
2216,16.53
2217,16.63
2218,16.78
2219,17.05
2220,16.93
2221,16.83
2222,16.93
2223,17.05
2224,17.23
2225,17.18
2226,18.08
2227,18.28
2228,18.18
2229,18.2
2230,18.2
2231,18.58
2232,19.05
2233,19.28
2234,18.85
2235,18.85
2236,19.0
2237,18.65
2238,18.8
2239,18.55
2240,18.4
2241,18.75
2242,19.18
2243,19.03
2244,18.85
2245,18.93
2246,19.3
2247,19.58
2248,19.4
2249,19.3
2250,20.5
2251,20.35
2252,20.38
2253,20.35
2254,21.15
2255,21.3
2256,21.68
2257,21.33
2258,20.25
2259,20.33
2260,20.8
2261,21.18
2262,20.93
2263,20.85
2264,21.43
2265,22.63
2266,23.9
2267,22.73
2268,22.68
2269,21.2
2270,19.88
2271,19.33
2272,19.53
2273,19.38
2274,20.88
2275,20.73
2276,20.35
2277,20.05
2278,20.05
2279,19.5
2280,18.95
2281,19.45
2282,19.38
2283,20.08
2284,19.85
2285,19.35
2286,19.23
2287,19.48
2288,19.63
2289,19.5
2290,18.63
2291,18.05
2292,18.63
2293,18.7
2294,19.4
2295,19.53
2296,19.73
2297,19.53
2298,18.95
2299,18.1
2300,18.1
2301,18.25
2302,18.5
2303,18.2
2304,18.18
2305,18.4
2306,18.48
2307,18.28
2308,18.23
2309,17.98
2310,17.83
2311,18.7
2312,18.8
2313,18.4
2314,18.43
2315,18.45
2316,18.38
2317,18.38
2318,18.6
2319,19.38
2320,19.28
2321,19.77
2322,19.43
2323,19.13
2324,19.77
2325,19.99
2326,19.62
2327,19.63
2328,19.8
2329,20.01
2330,19.93
2331,20.2
2332,20.3
2333,19.75
2334,19.95
2335,19.45
2336,19.23
2337,19.5
2338,19.36
2339,19.5
2340,18.92
2341,18.99
2342,18.9
2343,19.0
2344,18.84
2345,19.63
2346,19.65
2347,19.45
2348,19.48
2349,20.03
2350,20.05
2351,20.65
2352,21.03
2353,20.9
2354,20.88
2355,21.3
2356,21.58
2357,21.35
2358,20.8
2359,21.25
2360,20.78
2361,20.45
2362,20.68
2363,21.0
2364,20.98
2365,22.23
2366,21.9
2367,22.2
2368,22.15
2369,22.43
2370,22.25
2371,22.68
2372,23.3
2373,23.35
2374,23.83
2375,22.6
2376,21.7
2377,22.38
2378,22.08
2379,21.78
2380,22.15
2381,22.78
2382,23.05
2383,23.35
2384,22.9
2385,24.15
2386,23.18
2387,23.13
2388,23.63
2389,23.88
2390,24.28
2391,24.55
2392,24.58
2393,23.63
2394,23.85
2395,24.75
2396,24.58
2397,24.5
2398,24.83
2399,25.18
2400,25.08
2401,25.4
2402,24.6
2403,24.28
2404,24.13
2405,24.45
2406,23.3
2407,23.15
2408,22.8
2409,22.3
2410,22.1
2411,21.85
2412,21.85
2413,21.75
2414,22.4
2415,22.7
2416,22.38
2417,22.88
2418,23.18
2419,23.28
2420,22.75
2421,23.13
2422,23.4
2423,22.9
2424,23.86
2425,23.22
2426,22.78
2427,23.07
2428,23.0
2429,23.17
2430,23.5
2431,24.12
2432,24.21
2433,24.49
2434,24.56
2435,24.18
2436,23.74
2437,22.95
2438,22.65
2439,22.83
2440,23.98
2441,24.05
2442,23.69
2443,24.18
2444,23.96
2445,23.51
2446,23.66
2447,23.55
2448,23.95
2449,23.9
2450,24.45
2451,24.19
2452,24.76
2453,24.76
2454,24.78
2455,24.83
2456,24.22
2457,23.41
2458,23.31
2459,23.31
2460,22.87
2461,22.86
2462,22.98
2463,22.93
2464,22.93
2465,22.8
2466,22.56
2467,22.62
2468,23.01
2469,23.43
2470,23.28
2471,22.91
2472,22.65
2473,22.69
2474,21.86
2475,20.73
2476,21.25
2477,21.15
2478,20.47
2479,20.56
2480,20.48
2481,20.56
2482,20.98
2483,20.57
2484,20.13
2485,19.87
2486,20.08
2487,19.82
2488,19.96
2489,19.44
2490,19.1
2491,19.4
2492,19.38
2493,19.55
2494,19.21
2495,18.57
2496,18.98
2497,19.3
2498,19.44
2499,18.98
2500,19.54
2501,20.0
2502,19.62
2503,19.39
2504,18.93
2505,18.77
2506,18.91
2507,18.53
2508,18.53
2509,18.53
2510,18.15
2511,17.97
2512,17.28
2513,17.25
2514,16.92
2515,16.98
2516,17.02
2517,17.25
2518,17.54
2519,17.61
2520,17.53
2521,17.24
2522,17.0
2523,17.26
2524,17.74
2525,17.72
2526,17.46
2527,17.8
2528,18.07
2529,17.92
2530,18.27
2531,18.25
2532,18.24
2533,17.7
2534,17.72
2535,17.82
2536,17.84
2537,18.32
2538,18.62
2539,19.42
2540,19.4
2541,19.1
2542,19.4
2543,19.77
2544,19.92
2545,19.75
2546,19.7
2547,20.03
2548,20.15
2549,19.33
2550,18.88
2551,19.38
2552,18.99
2553,19.17
2554,18.59
2555,18.36
2556,17.96
2557,17.43
2558,17.08
2559,17.01
2560,16.69
2561,16.79
2562,16.83
2563,17.15
2564,17.55
2565,17.22
2566,17.34
2567,17.09
2568,17.8
2569,17.65
2570,17.65
2571,17.6
2572,18.0
2573,18.22
2574,18.83
2575,18.18
2576,18.28
2577,18.25
2578,18.16
2579,18.0
2580,17.79
2581,18.19
2582,18.27
2583,18.83
2584,18.21
2585,18.23
2586,18.47
2587,18.71
2588,18.66
2589,18.77
2590,18.76
2591,18.74
2592,19.02
2593,18.94
2594,19.33
2595,19.64
2596,19.51
2597,19.21
2598,18.94
2599,18.56
2600,18.21
2601,18.56
2602,18.63
2603,19.0
2604,18.77
2605,18.41
2606,18.88
2607,18.83
2608,18.26
2609,17.87
2610,17.58
2611,17.83
2612,17.91
2613,17.98
2614,18.22
2615,18.12
2616,17.92
2617,18.15
2618,18.03
2619,18.18
2620,18.08
2621,18.21
2622,18.06
2623,18.05
2624,18.4
2625,18.21
2626,18.14
2627,18.32
2628,18.65
2629,18.57
2630,18.52
2631,19.05
2632,19.36
2633,19.48
2634,19.96
2635,19.87
2636,20.08
2637,21.29
2638,20.94
2639,20.71
2640,20.79
2641,20.6
2642,20.73
2643,20.08
2644,19.4
2645,19.27
2646,19.56
2647,19.43
2648,19.29
2649,19.3
2650,19.86
2651,19.89
2652,19.45
2653,19.63
2654,18.86
2655,19.0
2656,19.45
2657,19.42
2658,19.48
2659,19.1
2660,18.93
2661,18.97
2662,19.24
2663,19.14
2664,19.26
2665,19.71
2666,20.24
2667,19.54
2668,19.39
2669,19.41
2670,18.82
2671,18.83
2672,19.01
2673,19.14
2674,18.5
2675,18.64
2676,18.96
2677,18.01
2678,18.04
2679,17.94
2680,17.7
2681,17.91
2682,17.87
2683,17.57
2684,17.08
2685,16.98
2686,17.12
2687,16.89
2688,16.8
2689,16.98
2690,17.34
2691,17.2
2692,17.04
2693,17.09
2694,17.04
2695,16.35
2696,16.01
2697,15.86
2698,15.77
2699,15.29
2700,15.48
2701,15.33
2702,15.47
2703,15.33
2704,15.07
2705,15.08
2706,14.81
2707,14.75
2708,14.89
2709,15.38
2710,14.95
2711,14.67
2712,14.35
2713,14.26
2714,14.79
2715,15.74
2716,15.64
2717,16.28
2718,15.59
2719,15.28
2720,14.87
2721,14.56
2722,14.83
2723,15.05
2724,14.77
2725,14.6
2726,14.35
2727,14.04
2728,14.05
2729,13.5
2730,13.5
2731,13.46
2732,14.02
2733,13.91
2734,13.26
2735,13.08
2736,13.35
2737,13.38
2738,13.53
2739,13.37
2740,13.18
2741,13.09
2742,13.18
2743,12.85
2744,12.24
2745,12.36
2746,12.41
2747,12.3
2748,12.25
2749,11.74
2750,11.05
2751,12.21
2752,12.41
2753,12.35
2754,14.53
2755,14.02
2756,14.41
2757,15.18
2758,14.92
2759,14.35
2760,13.87
2761,13.72
2762,13.38
2763,13.63
2764,13.13
2765,12.82
2766,12.79
2767,13.23
2768,13.15
2769,13.31
2770,13.68
2771,14.06
2772,13.82
2773,13.95
2774,13.71
2775,13.42
2776,13.32
2777,13.65
2778,13.88
2779,14.09
2780,13.79
2781,14.6
2782,14.13
2783,13.91
2784,13.81
2785,13.94
2786,14.41
2787,14.75
2788,14.15
2789,14.29
2790,14.33
2791,14.72
2792,14.87
2793,14.58
2794,14.29
2795,14.33
2796,14.27
2797,14.78
2798,14.71
2799,14.03
2800,13.66
2801,13.62
2802,13.23
2803,13.71
2804,13.95
2805,13.56
2806,12.76
2807,12.23
2808,12.12
2809,11.62
2810,10.77
2811,10.77
2812,11.3
2813,10.88
2814,10.89
2815,11.23
2816,12.09
2817,12.5
2818,11.94
2819,12.04
2820,11.83
2821,11.84
2822,11.93
2823,11.95
2824,11.79
2825,11.7
2826,11.66
2827,11.71
2828,11.61
2829,11.61
2830,11.56
2831,11.83
2832,11.79
2833,12.65
2834,12.38
2835,12.11
2836,12.01
2837,12.21
2838,12.23
2839,12.05
2840,12.53
2841,12.74
2842,12.6
2843,12.55
2844,12.63
2845,12.04
2846,12.03
2847,12.32
2848,12.08
2849,12.05
2850,11.62
2851,11.16
2852,11.24
2853,11.48
2854,11.46
2855,11.93
2856,11.87
2857,11.99
2858,12.21
2859,12.02
2860,12.15
2861,12.43
2862,12.24
2863,11.9
2864,12.06
2865,12.11
2866,12.05
2867,12.54
2868,12.96
2869,12.51
2870,12.53
2871,12.53
2872,12.82
2873,12.66
2874,12.47
2875,12.61
2876,12.65
2877,12.97
2878,13.92
2879,14.31
2880,14.36
2881,14.67
2882,14.84
2883,14.55
2884,14.41
2885,14.38
2886,14.71
2887,14.46
2888,14.21
2889,14.1
2890,13.98
2891,13.88
2892,13.23
2893,12.87
2894,13.18
2895,12.73
2896,12.26
2897,11.98
2898,12.11
2899,11.6
2900,11.29
2901,11.94
2902,11.68
2903,12.18
2904,12.74
2905,12.46
2906,12.26
2907,12.31
2908,12.0
2909,12.43
2910,11.93
2911,11.88
2912,11.73
2913,11.51
2914,11.15
2915,11.18
2916,11.45
2917,11.56
2918,11.46
2919,11.1
2920,10.62
2921,10.25
2922,10.45
2923,10.4
2924,10.54
2925,10.58
2926,10.51
2927,10.41
2928,10.77
2929,9.91
2930,9.87
2931,9.71
2932,10.05
2933,9.73
2934,9.7
2935,9.68
2936,9.46
2937,9.1
2938,9.26
2939,9.45
2940,9.57
2941,10.87
2942,9.92
2943,9.62
2944,9.45
2945,9.83
2946,9.91
2947,9.91
2948,10.23
2949,10.45
2950,10.54
2951,10.94
2952,10.3
2953,10.67
2954,11.08
2955,11.7
2956,12.07
2957,11.78
2958,10.9
2959,11.1
2960,10.97
2961,10.81
2962,11.19
2963,10.85
2964,11.14
2965,11.23
2966,11.21
2967,10.84
2968,11.03
2969,11.14
2970,11.34
2971,10.81
2972,10.39
2973,10.78
2974,10.42
2975,10.18
2976,9.97
2977,9.77
2978,9.88
2979,9.82
2980,9.97
2981,9.98
2982,10.09
2983,9.93
2984,10.29
2985,10.24
2986,10.58
2987,10.64
2988,10.84
2989,10.58
2990,10.52
2991,10.41
2992,10.81
2993,11.2
2994,11.02
2995,11.49
2996,11.25
2997,11.46
2998,11.86
2999,12.3
3000,12.17
3001,12.11
3002,12.95
3003,13.35
3004,13.15
3005,13.37
3006,13.64
3007,13.37
3008,13.5
3009,13.97
3010,14.34
3011,14.5
3012,15.02
3013,14.6
3014,14.53
3015,14.14
3016,13.72
3017,14.11
3018,14.23
3019,14.68
3020,14.45
3021,14.82
3022,15.34
3023,16.01
3024,16.04
3025,15.96
3026,16.29
3027,16.07
3028,15.63
3029,15.91
3030,16.38
3031,16.53
3032,16.45
3033,16.98
3034,16.85
3035,16.44
3036,15.66
3037,15.72
3038,15.23
3039,14.74
3040,15.21
3041,15.18
3042,14.98
3043,14.43
3044,14.42
3045,14.44
3046,14.49
3047,14.83
3048,14.71
3049,15.18
3050,15.04
3051,14.75
3052,14.22
3053,14.28
3054,14.26
3055,15.21
3056,15.98
3057,16.25
3058,16.19
3059,15.99
3060,16.25
3061,16.05
3062,16.33
3063,16.29
3064,16.0
3065,15.93
3066,15.64
3067,15.91
3068,16.04
3069,16.28
3070,16.27
3071,16.27
3072,16.38
3073,16.97
3074,17.25
3075,17.55
3076,18.47
3077,18.36
3078,18.74
3079,18.9
3080,18.94
3081,19.49
3082,19.48
3083,18.9
3084,19.42
3085,19.75
3086,19.33
3087,18.62
3088,19.01
3089,19.69
3090,19.73
3091,19.46
3092,19.65
3093,19.97
3094,19.97
3095,19.21
3096,19.32
3097,19.38
3098,19.64
3099,19.66
3100,19.34
3101,20.18
3102,20.58
3103,20.32
3104,20.61
3105,20.68
3106,20.61
3107,20.69
3108,20.92
3109,21.11
3110,20.96
3111,20.48
3112,19.71
3113,19.8
3114,20.32
3115,21.08
3116,21.1
3117,20.66
3118,20.74
3119,21.14
3120,21.71
3121,21.96
3122,22.51
3123,22.36
3124,22.98
3125,23.18
3126,23.25
3127,23.06
3128,22.93
3129,22.85
3130,22.68
3131,22.49
3132,23.41
3133,23.66
3134,23.6
3135,23.24
3136,23.46
3137,22.98
3138,22.98
3139,23.3
3140,22.64
3141,23.07
3142,22.33
3143,20.78
3144,20.84
3145,21.89
3146,22.26
3147,22.28
3148,21.65
3149,22.26
3150,21.59
3151,21.02
3152,21.68
3153,22.38
3154,22.45
3155,22.14
3156,22.18
3157,21.22
3158,21.11
3159,21.32
3160,21.98
3161,22.38
3162,22.64
3163,22.8
3164,23.62
3165,24.44
3166,25.42
3167,24.96
3168,25.39
3169,25.93
3170,24.88
3171,24.98
3172,25.02
3173,25.14
3174,25.86
3175,25.66
3176,25.77
3177,25.94
3178,25.85
3179,25.67
3180,25.2
3181,24.2
3182,25.52
3183,26.17
3184,26.46
3185,26.1
3186,25.45
3187,25.85
3188,24.86
3189,24.31
3190,24.88
3191,25.68
3192,26.09
3193,26.22
3194,25.98
3195,25.51
3196,25.04
3197,25.11
3198,25.63
3199,24.93
3200,23.95
3201,23.72
3202,23.55
3203,23.35
3204,22.77
3205,23.93
3206,24.62
3207,24.9
3208,25.5
3209,25.99
3210,26.31
3211,26.17
3212,26.26
3213,27.18
3214,27.02
3215,27.24
3216,27.18
3217,26.91
3218,26.59
3219,27.08
3220,27.35
3221,27.15
3222,27.6
3223,27.48
3224,27.94
3225,27.61
3226,27.44
3227,27.32
3228,27.82
3229,28.03
3230,28.12
3231,28.11
3232,27.54
3233,27.26
3234,26.93
3235,27.22
3236,27.92
3237,28.21
3238,28.53
3239,28.7
3240,29.01
3241,29.78
3242,30.12
3243,29.83
3244,30.08
3245,31.93
3246,31.41
3247,29.11
3248,28.97
3249,29.25
3250,28.83
3251,28.03
3252,27.97
3253,27.87
3254,25.59
3255,24.93
3256,25.77
3257,25.32
3258,25.74
3259,25.16
3260,24.8
3261,23.77
3262,23.94
3263,23.98
3264,24.62
3265,23.26
3266,22.98
3267,22.9
3268,22.63
3269,21.08
3270,21.05
3271,21.4
3272,22.65
3273,22.13
3274,22.2
3275,22.67
3276,23.5
3277,23.57
3278,23.36
3279,22.9
3280,23.07
3281,23.79
3282,24.73
3283,25.13
3284,25.06
3285,24.93
3286,26.03
3287,26.69
3288,26.59
3289,27.22
3290,27.98
3291,28.26
3292,28.78
3293,28.4
3294,28.9
3295,29.01
3296,28.45
3297,28.12
3298,28.97
3299,29.62
3300,30.09
3301,29.89
3302,29.64
3303,29.69
3304,29.35
3305,28.27
3306,28.42
3307,28.32
3308,29.34
3309,29.0
3310,30.1
3311,30.4
3312,30.12
3313,29.77
3314,28.68
3315,27.69
3316,28.86
3317,30.71
3318,30.61
3319,31.02
3320,30.9
3321,30.47
3322,31.15
3323,31.05
3324,31.58
3325,32.15
3326,30.73
3327,30.35
3328,30.67
3329,30.62
3330,30.58
3331,29.83
3332,30.27
3333,31.15
3334,30.82
3335,28.44
3336,28.46
3337,28.33
3338,27.85
3339,26.68
3340,26.84
3341,25.78
3342,25.92
3343,25.6
3344,25.96
3345,25.3
3346,25.24
3347,26.8
3348,27.04
3349,28.01
3350,27.56
3351,27.58
3352,28.13
3353,28.98
3354,29.44
3355,29.24
3356,30.0
3357,29.66
3358,30.71
3359,30.76
3360,31.34
3361,30.18
3362,32.38
3363,31.67
3364,33.26
3365,33.29
3366,34.03
3367,34.13
3368,35.08
3369,35.09
3370,36.02
3371,35.72
3372,36.7
3373,37.43
3374,36.27
3375,36.87
3376,33.3
3377,31.08
3378,31.35
3379,33.68
3380,34.55
3381,33.48
3382,33.67
3383,32.18
3384,31.59
3385,30.01
3386,29.94
3387,29.78
3388,28.91
3389,28.42
3390,29.65
3391,30.64
3392,30.07
3393,29.19
3394,29.62
3395,29.99
3396,30.95
3397,31.25
3398,33.45
3399,33.5
3400,32.03
3401,30.38
3402,30.98
3403,31.29
3404,30.16
3405,30.98
3406,31.81
3407,31.17
3408,31.48
3409,31.31
3410,31.09
3411,30.15
3412,31.62
3413,30.81
3414,30.81
3415,31.0
3416,31.59
3417,31.3
3418,31.79
3419,32.26
3420,32.5
3421,33.05
3422,33.82
3423,34.16
3424,33.09
3425,34.23
3426,33.33
3427,33.11
3428,33.29
3429,33.35
3430,33.47
3431,32.59
3432,32.45
3433,32.53
3434,31.59
3435,30.37
3436,28.88
3437,27.47
3438,27.85
3439,26.85
3440,27.28
3441,26.81
3442,26.84
3443,24.32
3444,24.44
3445,25.11
3446,24.36
3447,23.29
3448,22.4
3449,22.23
3450,22.58
3451,22.29
3452,22.58
3453,23.43
3454,23.44
3455,24.57
3456,24.77
3457,24.75
3458,24.13
3459,24.98
3460,25.6
3461,25.63
3462,26.03
3463,25.52
3464,24.27
3465,24.74
3466,26.29
3467,27.69
3468,27.02
3469,27.04
3470,26.94
3471,27.04
3472,26.95
3473,26.32
3474,26.59
3475,27.17
3476,28.9
3477,29.25
3478,29.1
3479,29.54
3480,30.68
3481,29.53
3482,29.32
3483,28.0
3484,27.89
3485,26.33
3486,26.61
3487,27.05
3488,26.45
3489,26.1
3490,25.75
3491,26.12
3492,25.84
3493,25.28
3494,25.16
3495,24.76
3496,25.28
3497,25.98
3498,25.59
3499,25.91
3500,26.37
3501,25.78
3502,25.34
3503,24.8
3504,24.31
3505,23.37
3506,23.84
3507,23.19
3508,23.63
3509,23.21
3510,23.45
3511,23.94
3512,24.01
3513,24.41
3514,24.5
3515,23.77
3516,23.5
3517,23.31
3518,23.47
3519,24.35
3520,24.87
3521,24.02
3522,24.37
3523,25.64
3524,26.08
3525,27.12
3526,26.8
3527,26.8
3528,26.99
3529,26.11
3530,25.86
3531,25.57
3532,25.42
3533,25.76
3534,25.49
3535,26.71
3536,26.85
3537,27.21
3538,27.31
3539,26.82
3540,27.46
3541,27.59
3542,27.71
3543,27.45
3544,27.46
3545,28.27
3546,27.97
3547,27.77
3548,27.88
3549,28.19
3550,28.57
3551,29.3
3552,29.8
3553,29.72
3554,29.51
3555,28.85
3556,28.69
3557,29.11
3558,28.92
3559,28.55
3560,28.86
3561,28.95
3562,29.25
3563,28.73
3564,28.55
3565,28.88
3566,29.57
3567,29.03
3568,29.13
3569,28.5
3570,28.13
3571,27.61
3572,26.68
3573,26.24
3574,26.7
3575,26.86
3576,27.36
3577,27.66
3578,26.25
3579,25.68
3580,26.21
3581,25.73
3582,25.56
3583,25.97
3584,25.69
3585,26.55
3586,25.59
3587,24.69
3588,24.44
3589,23.62
3590,24.02
3591,23.58
3592,23.9
3593,23.1
3594,23.35
3595,23.43
3596,24.44
3597,24.37
3598,24.9
3599,24.94
3600,24.82
3601,24.46
3602,24.35
3603,24.23
3604,25.49
3605,25.6
3606,25.39
3607,25.94
3608,25.61
3609,25.28
3610,25.78
3611,25.88
3612,25.71
3613,25.61
3614,25.18
3615,24.68
3616,24.35
3617,25.36
3618,25.71
3619,25.66
3620,26.33
3621,26.22
3622,26.46
3623,26.67
3624,26.7
3625,26.8
3626,26.52
3627,26.27
3628,26.27
3629,26.61
3630,27.54
3631,27.59
3632,29.12
3633,28.24
3634,28.2
3635,29.22
3636,28.32
3637,27.54
3638,25.44
3639,25.57
3640,25.17
3641,20.63
3642,20.13
3643,20.67
3644,21.47
3645,21.87
3646,21.22
3647,21.29
3648,20.63
3649,20.94
3650,21.46
3651,20.91
3652,20.65
3653,21.02
3654,21.38
3655,20.57
3656,20.36
3657,20.47
3658,19.47
3659,19.21
3660,19.91
3661,20.38
3662,20.56
3663,20.37
3664,20.67
3665,20.31
3666,20.55
3667,20.41
3668,19.63
3669,19.39
3670,18.63
3671,18.78
3672,18.64
3673,18.86
3674,19.54
3675,20.72
3676,19.48
3677,20.47
3678,18.78
3679,16.51
3680,16.86
3681,16.55
3682,18.82
3683,18.44
3684,19.65
3685,19.4
3686,18.66
3687,19.09
3688,18.81
3689,18.54
3690,18.92
3691,20.0
3692,19.28
3693,19.27
3694,18.57
3695,17.81
3696,18.03
3697,17.61
3698,18.13
3699,17.8
3700,18.54
3701,18.58
3702,18.51
3703,19.03
3704,18.87
3705,18.73
3706,18.65
3707,18.87
3708,19.77
3709,19.35
3710,20.13
3711,20.47
3712,21.2
3713,21.08
3714,21.03
3715,20.21
3716,19.71
3717,20.08
3718,18.89
3719,18.86
3720,18.5
3721,18.2
3722,18.17
3723,18.32
3724,18.7
3725,18.89
3726,18.91
3727,19.04
3728,19.74
3729,19.26
3730,18.71
3731,19.07
3732,19.7
3733,20.26
3734,19.9
3735,19.97
3736,19.42
3737,20.01
3738,20.08
3739,21.75
3740,21.41
3741,20.97
3742,20.76
3743,20.12
3744,20.18
3745,19.44
3746,20.21
3747,20.14
3748,19.78
3749,19.95
3750,20.73
3751,20.73
3752,21.83
3753,21.59
3754,22.25
3755,22.11
3756,23.1
3757,22.32
3758,23.14
3759,22.7
3760,23.6
3761,23.76
3762,23.9
3763,23.8
3764,24.51
3765,24.78
3766,24.25
3767,24.83
3768,24.75
3769,24.6
3770,25.13
3771,25.34
3772,25.34
3773,26.06
3774,26.97
3775,26.72
3776,26.97
3777,25.39
3778,26.36
3779,25.48
3780,25.13
3781,24.22
3782,23.25
3783,23.39
3784,24.03
3785,25.26
3786,25.9
3787,25.86
3788,25.96
3789,26.26
3790,26.2
3791,26.47
3792,26.32
3793,26.85
3794,26.98
3795,26.67
3796,25.73
3797,25.8
3798,25.53
3799,26.09
3800,26.09
3801,26.89
3802,26.3
3803,27.12
3804,27.17
3805,25.71
3806,25.45
3807,25.97
3808,24.99
3809,24.32
3810,24.01
3811,23.76
3812,23.52
3813,24.71
3814,24.18
3815,23.72
3816,23.87
3817,23.19
3818,22.79
3819,22.99
3820,22.83
3821,22.37
3822,23.09
3823,23.72
3824,23.97
3825,24.69
3826,24.64
3827,24.85
3828,24.42
3829,24.14
3830,24.99
3831,25.32
3832,24.75
3833,25.39
3834,25.33
3835,25.65
3836,25.64
3837,25.59
3838,25.51
3839,25.75
3840,25.08
3841,24.9
3842,25.82
3843,25.83
3844,26.11
3845,26.16
3846,25.94
3847,26.19
3848,26.72
3849,26.37
3850,25.7
3851,25.65
3852,25.43
3853,25.36
3854,25.1
3855,25.2
3856,25.95
3857,26.28
3858,25.79
3859,25.17
3860,25.2
3861,25.69
3862,25.7
3863,25.51
3864,25.49
3865,25.63
3866,26.11
3867,26.47
3868,26.66
3869,27.33
3870,27.44
3871,27.63
3872,27.53
3873,27.81
3874,27.51
3875,27.56
3876,27.89
3877,27.54
3878,27.11
3879,27.56
3880,27.45
3881,26.58
3882,27.31
3883,27.54
3884,28.36
3885,28.67
3886,28.92
3887,28.68
3888,27.76
3889,28.53
3890,28.38
3891,27.76
3892,28.41
3893,28.45
3894,28.61
3895,29.36
3896,29.47
3897,29.11
3898,28.93
3899,29.0
3900,29.11
3901,29.42
3902,29.14
3903,28.46
3904,28.32
3905,28.38
3906,28.28
3907,28.29
3908,27.7
3909,28.18
3910,28.56
3911,28.66
3912,28.61
3913,28.22
3914,28.2
3915,27.01
3916,26.69
3917,26.68
3918,26.78
3919,25.96
3920,25.44
3921,25.71
3922,25.29
3923,25.51
3924,25.78
3925,25.21
3926,24.66
3927,23.73
3928,24.36
3929,23.54
3930,23.86
3931,24.01
3932,22.96
3933,22.82
3934,23.33
3935,23.41
3936,24.05
3937,24.05
3938,24.52
3939,24.79
3940,24.85
3941,24.56
3942,25.11
3943,25.7
3944,25.74
3945,25.73
3946,26.09
3947,25.99
3948,26.07
3949,25.67
3950,26.06
3951,26.35
3952,26.85
3953,27.29
3954,27.64
3955,28.73
3956,29.25
3957,29.95
3958,30.26
3959,29.59
3960,30.61
3961,30.93
3962,31.49
3963,32.02
3964,30.12
3965,30.32
3966,31.43
3967,31.43
3968,30.78
3969,29.3
3970,30.26
3971,30.07
3972,30.46
3973,31.36
3974,31.73
3975,32.29
3976,31.57
3977,32.23
3978,31.72
3979,32.07
3980,31.4
3981,31.62
3982,31.02
3983,30.73
3984,31.26
3985,31.42
3986,31.57
3987,30.95
3988,31.13
3989,31.77
3990,31.81
3991,32.23
3992,32.47
3993,32.51
3994,32.46
3995,33.23
3996,33.26
3997,33.06
3998,33.26
3999,33.16
4000,32.76
4001,32.76
4002,33.41
4003,33.64
4004,33.46
4005,34.09
4006,34.0
4007,33.4
4008,34.37
4009,33.92
4010,34.39
4011,34.47
4012,34.94
4013,34.06
4014,34.16
4015,33.98
4016,31.48
4017,30.35
4018,28.55
4019,28.4
4020,28.0
4021,25.59
4022,26.54
4023,27.28
4024,25.98
4025,27.29
4026,27.66
4027,28.05
4028,27.94
4029,26.29
4030,26.75
4031,25.62
4032,25.27
4033,24.88
4034,25.11
4035,25.16
4036,24.39
4037,24.72
4038,24.74
4039,24.86
4040,25.36
4041,25.76
4042,25.76
4043,25.72
4044,24.56
4045,24.06
4046,24.29
4047,23.42
4048,23.23
4049,23.6
4050,23.79
4051,23.73
4052,23.59
4053,23.91
4054,24.01
4055,24.48
4056,25.55
4057,25.69
4058,25.45
4059,25.98
4060,26.77
4061,27.18
4062,27.23
4063,26.69
4064,27.58
4065,27.32
4066,27.14
4067,26.78
4068,26.55
4069,26.48
4070,26.39
4071,26.58
4072,27.56
4073,27.99
4074,27.49
4075,28.16
4076,28.38
4077,28.62
4078,28.44
4079,28.97
4080,28.48
4081,27.39
4082,27.5
4083,27.14
4084,26.43
4085,26.21
4086,27.13
4087,27.13
4088,26.96
4089,27.34
4090,27.06
4091,27.45
4092,28.88
4093,28.33
4094,28.2
4095,28.63
4096,27.97
4097,27.23
4098,27.95
4099,28.21
4100,29.37
4101,29.36
4102,28.52
4103,28.87
4104,28.51
4105,28.59
4106,29.2
4107,28.01
4108,28.4
4109,27.67
4110,27.73
4111,28.3
4112,27.71
4113,28.27
4114,28.31
4115,28.68
4116,29.63
4117,29.91
4118,30.37
4119,30.01
4120,30.06
4121,30.59
4122,30.05
4123,30.13
4124,29.66
4125,28.96
4126,29.18
4127,29.88
4128,29.18
4129,29.28
4130,29.95
4131,30.22
4132,29.98
4133,30.08
4134,30.05
4135,30.1
4136,30.38
4137,29.64
4138,28.08
4139,27.89
4140,27.49
4141,27.72
4142,28.47
4143,27.64
4144,27.76
4145,27.48
4146,26.52
4147,26.38
4148,26.28
4149,25.76
4150,25.56
4151,25.51
4152,25.82
4153,25.74
4154,26.81
4155,27.04
4156,27.02
4157,27.77
4158,28.09
4159,27.98
4160,28.9
4161,29.14
4162,29.75
4163,29.35
4164,28.96
4165,30.21
4166,31.13
4167,31.0
4168,31.45
4169,31.23
4170,31.05
4171,30.27
4172,29.78
4173,29.61
4174,29.25
4175,29.63
4176,30.01
4177,29.38
4178,28.99
4179,28.56
4180,27.47
4181,27.88
4182,27.78
4183,27.32
4184,27.9
4185,28.52
4186,28.73
4187,28.82
4188,28.88
4189,28.58
4190,29.01
4191,29.78
4192,28.98
4193,29.26
4194,30.13
4195,29.88
4196,29.79
4197,27.99
4198,27.62
4199,28.23
4200,28.9
4201,28.95
4202,28.17
4203,29.1
4204,29.26
4205,29.25
4206,28.87
4207,30.52
4208,30.27
4209,30.02
4210,29.79
4211,30.24
4212,30.89
4213,30.64
4214,31.01
4215,30.79
4216,31.03
4217,28.78
4218,28.3
4219,29.45
4220,29.17
4221,30.1
4222,30.3
4223,29.55
4224,32.3
4225,31.2
4226,30.99
4227,31.11
4228,31.91
4229,31.41
4230,32.55
4231,31.84
4232,31.43
4233,31.26
4234,31.67
4235,32.26
4236,31.95
4237,31.42
4238,32.08
4239,31.15
4240,31.05
4241,30.77
4242,29.47
4243,29.53
4244,30.3
4245,30.07
4246,29.63
4247,29.02
4248,29.26
4249,29.1
4250,30.06
4251,30.33
4252,30.17
4253,30.96
4254,31.08
4255,31.43
4256,31.57
4257,31.63
4258,31.22
4259,31.89
4260,31.6
4261,32.46
4262,32.45
4263,32.94
4264,33.34
4265,34.15
4266,33.32
4267,33.45
4268,34.4
4269,34.27
4270,33.72
4271,32.83
4272,33.22
4273,32.76
4274,34.39
4275,34.72
4276,34.95
4277,34.43
4278,34.33
4279,33.57
4280,34.4
4281,34.14
4282,33.32
4283,32.51
4284,32.04
4285,33.04
4286,32.29
4287,32.59
4288,31.19
4289,31.17
4290,31.48
4291,33.07
4292,33.98
4293,34.03
4294,34.51
4295,34.15
4296,33.54
4297,33.72
4298,33.85
4299,34.71
4300,33.56
4301,33.23
4302,33.24
4303,33.78
4304,34.18
4305,34.11
4306,35.02
4307,34.66
4308,35.23
4309,34.97
4310,36.07
4311,36.58
4312,37.05
4313,37.25
4314,35.83
4315,36.97
4316,37.95
4317,38.3
4318,39.04
4319,38.88
4320,38.43
4321,38.35
4322,38.89
4323,37.6
4324,39.22
4325,38.46
4326,38.05
4327,37.03
4328,37.0
4329,37.0
4330,39.05
4331,37.99
4332,36.26
4333,35.97
4334,35.57
4335,35.47
4336,34.69
4337,35.75
4338,35.23
4339,35.22
4340,34.66
4341,34.56
4342,35.58
4343,35.43
4344,34.82
4345,34.95
4346,34.81
4347,34.71
4348,34.25
4349,33.24
4350,32.61
4351,33.22
4352,35.58
4353,35.36
4354,35.73
4355,36.47
4356,35.62
4357,37.13
4358,37.58
4359,37.73
4360,36.68
4361,37.51
4362,38.41
4363,38.49
4364,39.07
4365,38.96
4366,38.48
4367,39.16
4368,39.59
4369,39.75
4370,40.09
4371,41.08
4372,40.93
4373,41.47
4374,41.35
4375,41.82
4376,41.75
4377,42.49
4378,42.63
4379,43.21
4380,42.5
4381,42.45
4382,43.5
4383,44.13
4384,44.35
4385,44.05
4386,44.12
4387,44.84
4388,45.46
4389,44.39
4390,42.99
4391,42.39
4392,40.65
4393,40.72
4394,40.78
4395,39.8
4396,40.96
4397,42.39
4398,41.07
4399,40.4
4400,40.19
4401,39.91
4402,41.45
4403,41.03
4404,40.63
4405,41.34
4406,42.03
4407,40.68
4408,43.08
4409,43.6
4410,44.56
4411,45.66
4412,46.53
4413,46.13
4414,46.87
4415,47.52
4416,46.54
4417,47.76
4418,46.86
4419,46.99
4420,47.1
4421,47.95
4422,48.98
4423,49.41
4424,50.75
4425,51.28
4426,50.42
4427,51.31
4428,51.02
4429,49.16
4430,49.21
4431,50.78
4432,51.06
4433,52.28
4434,51.68
4435,52.04
4436,49.99
4437,48.88
4438,48.16
4439,46.84
4440,46.25
4441,46.14
4442,45.32
4443,44.37
4444,44.78
4445,43.27
4446,42.57
4447,42.22
4448,41.33
4449,39.32
4450,40.48
4451,40.27
4452,40.8
4453,42.29
4454,42.26
4455,43.03
4456,42.62
4457,43.12
4458,42.87
4459,44.05
4460,44.23
4461,41.19
4462,38.49
4463,38.57
4464,38.43
4465,37.11
4466,36.9
4467,38.33
4468,37.24
4469,36.77
4470,37.03
4471,41.53
4472,41.49
4473,43.06
4474,42.67
4475,42.76
4476,40.44
4477,40.29
4478,39.6
4479,39.6
4480,40.24
4481,38.93
4482,39.8
4483,40.38
4484,40.75
4485,41.0
4486,43.25
4487,43.28
4488,44.71
4489,43.45
4490,43.75
4491,45.76
4492,45.26
4493,45.1
4494,45.18
4495,45.16
4496,44.06
4497,45.88
4498,45.74
4499,46.14
4500,45.94
4501,46.51
4502,44.75
4503,44.51
4504,45.12
4505,44.17
4506,43.13
4507,43.26
4508,42.7
4509,42.79
4510,42.49
4511,44.04
4512,44.41
4513,44.51
4514,44.91
4515,45.42
4516,45.42
4517,45.86
4518,46.09
4519,47.6
4520,48.16
4521,49.24
4522,50.05
4523,50.13
4524,50.47
4525,51.05
4526,52.89
4527,52.1
4528,51.87
4529,53.29
4530,54.11
4531,53.04
4532,53.15
4533,53.68
4534,53.97
4535,54.61
4536,56.03
4537,55.97
4538,55.79
4539,55.39
4540,51.52
4541,52.35
4542,51.75
4543,51.42
4544,50.63
4545,53.22
4546,54.14
4547,55.92
4548,54.53
4549,54.08
4550,52.57
4551,51.83
4552,51.21
4553,51.53
4554,49.67
4555,50.21
4556,49.52
4557,48.58
4558,50.79
4559,51.53
4560,51.73
4561,53.51
4562,53.1
4563,52.47
4564,51.29
4565,50.74
4566,50.61
4567,50.89
4568,49.48
4569,50.36
4570,49.81
4571,49.7
4572,49.71
4573,50.61
4574,48.91
4575,47.4
4576,46.85
4577,46.42
4578,47.31
4579,47.35
4580,46.92
4581,46.91
4582,47.28
4583,47.29
4584,49.24
4585,49.71
4586,49.42
4587,49.33
4588,49.3
4589,50.46
4590,51.3
4591,51.9
4592,52.61
4593,51.62
4594,51.92
4595,51.36
4596,51.98
4597,52.0
4598,53.52
4599,54.12
4600,54.3
4601,56.92
4602,57.1
4603,57.36
4604,56.06
4605,57.03
4606,57.21
4607,58.5
4608,57.75
4609,55.42
4610,55.36
4611,56.41
4612,57.13
4613,57.86
4614,58.38
4615,57.55
4616,59.0
4617,56.1
4618,58.95
4619,58.33
4620,56.79
4621,56.98
4622,56.25
4623,56.75
4624,56.39
4625,55.59
4626,56.98
4627,57.51
4628,58.58
4629,58.34
4630,58.28
4631,59.77
4632,60.56
4633,60.13
4634,60.04
4635,60.62
4636,60.73
4637,62.56
4638,62.79
4639,63.77
4640,65.9
4641,67.26
4642,66.68
4643,65.1
4644,63.41
4645,61.75
4646,64.21
4647,65.87
4648,65.16
4649,65.25
4650,65.88
4651,66.23
4652,64.77
4653,66.15
4654,66.8
4655,66.79
4656,65.95
4657,64.16
4658,64.16
4659,63.6
4660,61.66
4661,62.62
4662,60.69
4663,61.31
4664,61.7
4665,61.9
4666,60.48
4667,64.04
4668,62.98
4669,64.31
4670,64.64
4671,62.17
4672,61.73
4673,62.56
4674,62.81
4675,62.02
4676,61.7
4677,61.64
4678,59.17
4679,59.33
4680,57.2
4681,57.29
4682,57.01
4683,58.1
4684,59.91
4685,59.48
4686,58.45
4687,59.81
4688,58.85
4689,58.13
4690,57.04
4691,56.94
4692,57.64
4693,58.72
4694,58.56
4695,58.1
4696,59.47
4697,58.47
4698,56.69
4699,58.53
4700,59.55
4701,60.48
4702,58.19
4703,57.89
4704,57.71
4705,55.85
4706,54.3
4707,54.1
4708,54.45
4709,53.68
4710,53.8
4711,52.84
4712,53.36
4713,54.21
4714,53.73
4715,53.41
4716,53.15
4717,52.91
4718,53.24
4719,53.25
4720,53.65
4721,54.91
4722,56.05
4723,55.68
4724,55.17
4725,56.26
4726,57.18
4727,57.23
4728,59.16
4729,59.59
4730,59.67
4731,58.11
4732,56.09
4733,56.08
4734,56.05
4735,57.3
4736,56.28
4737,56.54
4738,56.91
4739,57.72
4740,58.34
4741,61.51
4742,61.25
4743,61.68
4744,62.43
4745,62.51
4746,62.32
4747,61.54
4748,62.95
4749,61.58
4750,62.34
4751,63.22
4752,63.6
4753,63.64
4754,64.92
4755,64.56
4756,63.82
4757,62.61
4758,62.93
4759,64.95
4760,65.14
4761,63.19
4762,65.64
4763,63.49
4764,62.54
4765,63.32
4766,61.64
4767,60.82
4768,60.7
4769,59.66
4770,59.16
4771,58.27
4772,57.67
4773,56.78
4774,58.34
4775,60.05
4776,59.35
4777,58.71
4778,58.71
4779,60.13
4780,59.44
4781,59.78
4782,61.12
4783,62.27
4784,62.69
4785,61.41
4786,59.79
4787,58.42
4788,58.82
4789,59.04
4790,60.99
4791,62.39
4792,63.12
4793,62.07
4794,63.54
4795,62.3
4796,59.96
4797,61.23
4798,61.76
4799,62.78
4800,62.59
4801,64.31
4802,64.88
4803,65.95
4804,66.06
4805,67.28
4806,65.93
4807,66.74
4808,67.58
4809,67.11
4810,68.2
4811,68.52
4812,69.54
4813,69.39
4814,70.97
4815,72.69
4816,72.57
4817,73.94
4818,73.96
4819,72.86
4820,73.46
4821,71.79
4822,72.15
4823,73.37
4824,74.45
4825,73.73
4826,71.84
4827,71.22
4828,68.26
4829,70.6
4830,69.83
4831,72.2
4832,71.3
4833,68.69
4834,68.66
4835,67.52
4836,67.39
4837,66.93
4838,66.52
4839,68.97
4840,68.45
4841,68.51
4842,69.88
4843,69.16
4844,69.82
4845,67.57
4846,68.77
4847,68.42
4848,69.13
4849,68.25
4850,67.17
4851,65.76
4852,69.13
4853,68.62
4854,65.67
4855,65.52
4856,66.04
4857,65.01
4858,66.4
4859,67.57
4860,68.17
4861,69.6
4862,69.91
4863,69.85
4864,71.26
4865,71.76
4866,73.02
4867,73.2
4868,73.94
4869,73.17
4870,72.88
4871,73.12
4872,74.14
4873,72.39
4874,73.14
4875,73.04
4876,75.23
4877,76.13
4878,75.12
4879,75.32
4880,71.62
4881,72.56
4882,72.96
4883,72.09
4884,72.49
4885,73.76
4886,75.36
4887,73.95
4888,74.75
4889,76.39
4890,77.63
4891,76.28
4892,76.53
4893,77.82
4894,77.93
4895,78.26
4896,75.69
4897,75.19
4898,73.78
4899,73.57
4900,72.67
4901,70.42
4902,71.3
4903,72.42
4904,72.06
4905,71.12
4906,71.4
4907,72.58
4908,69.44
4909,67.01
4910,67.15
4911,67.66
4912,70.49
4913,68.62
4914,65.94
4915,65.41
4916,64.52
4917,64.3
4918,62.41
4919,62.23
4920,61.28
4921,60.75
4922,60.23
4923,61.47
4924,62.52
4925,59.09
4926,59.27
4927,58.81
4928,57.89
4929,58.53
4930,57.6
4931,60.68
4932,59.09
4933,58.8
4934,56.28
4935,55.82
4936,57.93
4937,56.9
4938,59.25
4939,57.8
4940,57.75
4941,57.87
4942,58.97
4943,58.22
4944,60.13
4945,58.51
4946,57.74
4947,57.94
4948,56.56
4949,56.56
4950,58.79
4951,58.76
4952,57.99
4953,57.08
4954,56.13
4955,56.37
4956,56.26
4957,56.55
4958,57.02
4959,56.99
4960,57.18
4961,59.72
4962,59.18
4963,56.88
4964,57.9
4965,57.97
4966,59.5
4967,57.01
4968,57.38
4969,59.53
4970,58.66
4971,59.7
4972,60.72
4973,60.52
4974,61.22
4975,62.13
4976,64.36
4977,64.74
4978,63.97
4979,63.65
4980,63.7
4981,63.17
4982,63.67
4983,62.59
4984,62.58
4985,61.89
4986,62.85
4987,62.91
4988,62.81
4989,62.19
4990,63.13
4991,62.13
4992,61.92
4993,60.7
4994,59.41
4995,58.96
4996,58.49
4997,56.63
4998,54.58
4999,52.82
5000,52.82
5001,52.38
5002,52.11
5003,51.68
5004,49.95
5005,51.28
5006,51.19
5007,50.83
5008,52.29
5009,54.34
5010,53.93
5011,55.11
5012,55.67
5013,55.29
5014,54.71
5015,54.69
5016,56.52
5017,56.74
5018,56.93
5019,58.67
5020,58.04
5021,58.35
5022,57.24
5023,57.21
5024,55.52
5025,56.12
5026,55.05
5027,54.25
5028,56.78
5029,55.91
5030,57.74
5031,58.62
5032,60.38
5033,60.34
5034,60.28
5035,59.39
5036,61.18
5037,61.92
5038,59.78
5039,59.68
5040,61.13
5041,60.9
5042,60.25
5043,60.59
5044,61.52
5045,60.89
5046,60.4
5047,60.93
5048,60.49
5049,60.11
5050,60.18
5051,61.57
5052,63.1
5053,64.43
5054,64.25
5055,66.15
5056,67.19
5057,68.47
5058,68.94
5059,68.0
5060,68.09
5061,69.15
5062,67.64
5063,68.6
5064,67.79
5065,68.78
5066,67.1
5067,66.34
5068,65.09
5069,66.17
5070,66.34
5071,66.8
5072,67.94
5073,67.44
5074,67.51
5075,67.28
5076,67.23
5077,67.4
5078,65.57
5079,64.85
5080,65.14
5081,62.7
5082,63.55
5083,63.5
5084,64.63
5085,65.18
5086,65.86
5087,66.74
5088,66.83
5089,69.08
5090,69.26
5091,69.51
5092,70.05
5093,71.01
5094,71.96
5095,70.72
5096,69.31
5097,67.64
5098,68.18
5099,68.65
5100,70.9
5101,71.36
5102,71.5
5103,72.36
5104,70.04
5105,68.85
5106,68.56
5107,69.24
5108,71.18
5109,71.63
5110,72.33
5111,72.17
5112,70.55
5113,71.81
5114,72.04
5115,71.36
5116,71.41
5117,71.84
5118,71.96
5119,72.22
5120,72.9
5121,74.26
5122,75.4
5123,76.58
5124,77.1
5125,77.88
5126,77.44
5127,78.24
5128,78.12
5129,78.17
5130,77.59
5131,78.0
5132,78.37
5133,79.09
5134,78.36
5135,75.88
5136,75.21
5137,77.28
5138,76.58
5139,76.07
5140,77.01
5141,77.11
5142,76.14
5143,75.36
5144,72.69
5145,70.42
5146,70.73
5147,70.08
5148,69.57
5149,71.3
5150,69.29
5151,71.3
5152,68.77
5153,69.8
5154,68.37
5155,67.88
5156,67.73
5157,68.73
5158,69.49
5159,68.85
5160,69.66
5161,70.48
5162,71.46
5163,72.29
5164,74.22
5165,74.72
5166,76.21
5167,75.08
5168,74.97
5169,76.23
5170,77.15
5171,77.84
5172,78.27
5173,77.99
5174,77.0
5175,78.47
5176,78.48
5177,78.91
5178,77.87
5179,76.82
5180,76.21
5181,78.88
5182,80.97
5183,78.33
5184,76.87
5185,77.8
5186,77.84
5187,79.05
5188,76.94
5189,77.82
5190,77.85
5191,80.83
5192,80.82
5193,82.5
5194,84.43
5195,85.24
5196,85.03
5197,84.25
5198,82.72
5199,82.31
5200,83.47
5201,85.4
5202,84.71
5203,89.87
5204,89.87
5205,89.87
5206,90.36
5207,92.11
5208,92.16
5209,93.99
5210,94.85
5211,94.4
5212,92.32
5213,91.56
5214,89.09
5215,90.73
5216,90.32
5217,91.99
5218,91.59
5219,94.13
5220,94.97
5221,95.33
5222,94.88
5223,93.23
5224,91.64
5225,92.34
5226,88.71
5227,87.85
5228,89.97
5229,90.7
5230,88.46
5231,88.46
5232,87.33
5233,87.77
5234,91.69
5235,92.57
5236,91.86
5237,90.32
5238,90.71
5239,90.98
5240,91.06
5241,91.03
5242,91.59
5243,95.66
5244,95.92
5245,93.68
5246,97.01
5247,98.45
5248,96.87
5249,94.19
5250,96.37
5251,96.76
5252,92.8
5253,91.86
5254,92.58
5255,90.87
5256,88.1
5257,88.96
5258,89.66
5259,88.11
5260,87.06
5261,87.69
5262,90.96
5263,90.91
5264,92.49
5265,92.46
5266,91.58
5267,91.41
5268,91.09
5269,89.6
5270,88.73
5271,88.55
5272,91.45
5273,93.93
5274,94.28
5275,93.82
5276,95.92
5277,96.96
5278,97.03
5279,97.88
5280,97.52
5281,96.07
5282,97.43
5283,99.05
5284,98.28
5285,99.83
5286,100.9
5287,101.83
5288,98.6
5289,100.95
5290,103.47
5291,104.66
5292,105.33
5293,106.78
5294,107.99
5295,109.18
5296,109.16
5297,104.41
5298,105.35
5299,102.65
5300,99.78
5301,100.93
5302,99.91
5303,102.83
5304,103.89
5305,102.68
5306,102.33
5307,98.69
5308,98.85
5309,102.31
5310,102.21
5311,105.98
5312,105.05
5313,107.46
5314,107.37
5315,107.15
5316,108.32
5317,110.84
5318,110.95
5319,111.34
5320,110.67
5321,111.35
5322,113.54
5323,115.34
5324,114.85
5325,116.62
5326,115.7
5327,113.86
5328,111.12
5329,107.3
5330,111.92
5331,115.68
5332,119.88
5333,120.27
5334,119.85
5335,123.54
5336,122.89
5337,123.11
5338,121.18
5339,122.76
5340,122.98
5341,122.19
5342,124.12
5343,127.28
5344,129.04
5345,129.72
5346,128.92
5347,128.93
5348,129.33
5349,127.85
5350,128.5
5351,126.28
5352,121.72
5353,122.36
5354,132.81
5355,134.43
5356,135.24
5357,134.52
5358,132.11
5359,134.29
5360,133.9
5361,131.27
5362,129.12
5363,131.84
5364,134.28
5365,134.54
5366,135.37
5367,131.59
5368,136.82
5369,139.38
5370,138.4
5371,140.67
5372,141.24
5373,143.95
5374,139.62
5375,134.15
5376,133.91
5377,135.81
5378,143.68
5379,142.43
5380,136.02
5381,133.31
5382,134.16
5383,129.34
5384,129.34
5385,127.18
5386,126.86
5387,125.43
5388,124.7
5389,125.67
5390,125.77
5391,122.46
5392,124.1
5393,124.16
5394,121.87
5395,116.5
5396,114.47
5397,116.94
5398,113.03
5399,110.54
5400,108.98
5401,110.68
5402,111.82
5403,108.8
5404,109.33
5405,109.02
5406,108.72
5407,117.24
5408,113.99
5409,109.74
5410,112.2
5411,113.05
5412,113.54
5413,113.49
5414,104.94
5415,103.88
5416,103.41
5417,102.51
5418,101.08
5419,98.94
5420,96.0
5421,96.01
5422,94.37
5423,90.45
5424,85.85
5425,86.09
5426,90.89
5427,93.46
5428,100.43
5429,100.72
5430,102.09
5431,100.45
5432,100.88
5433,95.96
5434,93.52
5435,92.19
5436,88.88
5437,88.95
5438,84.71
5439,83.17
5440,80.77
5441,81.65
5442,74.58
5443,74.37
5444,74.98
5445,66.86
5446,64.14
5447,66.05
5448,67.45
5449,65.99
5450,62.95
5451,65.06
5452,60.57
5453,59.34
5454,58.87
5455,64.0
5456,60.86
5457,60.0
5458,60.32
5459,62.78
5460,61.09
5461,56.14
5462,56.84
5463,57.08
5464,54.76
5465,52.47
5466,51.32
5467,50.7
5468,50.82
5469,49.1
5470,48.35
5471,45.79
5472,44.91
5473,49.51
5474,47.51
5475,49.39
5476,47.72
5477,47.58
5478,45.64
5479,44.39
5480,43.83
5481,37.04
5482,40.02
5483,39.77
5484,39.34
5485,43.54
5486,42.38
5487,45.02
5488,42.0
5489,41.84
5490,40.19
5491,39.52
5492,38.08
5493,35.27
5494,34.45
5495,33.73
5496,34.16
5497,35.22
5498,35.82
5499,42.94
5500,45.84
5501,48.89
5502,46.23
5503,42.94
5504,42.34
5505,40.86
5506,43.05
5507,42.27
5508,42.32
5509,43.42
5510,41.22
5511,39.9
5512,42.42
5513,43.13
5514,48.0
5515,42.86
5516,42.86
5517,43.13
5518,44.17
5519,42.96
5520,43.15
5521,43.68
5522,43.92
5523,44.49
5524,47.23
5525,45.88
5526,44.24
5527,47.23
5528,43.36
5529,39.69
5530,39.41
5531,42.36
5532,42.19
5533,41.27
5534,40.18
5535,42.37
5536,45.15
5537,44.41
5538,42.6
5539,42.72
5540,46.07
5541,44.45
5542,43.48
5543,44.55
5544,44.99
5545,43.2
5546,42.19
5547,44.97
5548,44.12
5549,45.53
5550,45.22
5551,48.03
5552,49.27
5553,51.84
5554,51.32
5555,51.46
5556,51.89
5557,50.81
5558,49.05
5559,46.13
5560,45.92
5561,50.89
5562,50.48
5563,50.91
5564,50.62
5565,52.06
5566,52.33
5567,50.73
5568,52.06
5569,51.31
5570,51.83
5571,52.02
5572,49.06
5573,48.69
5574,48.5
5575,48.29
5576,50.29
5577,48.67
5578,48.64
5579,50.22
5580,50.3
5581,51.75
5582,53.26
5583,53.16
5584,55.07
5585,56.63
5586,56.02
5587,55.99
5588,56.52
5589,56.84
5590,56.25
5591,56.33
5592,56.51
5593,57.12
5594,59.1
5595,58.02
5596,58.7
5597,59.05
5598,61.28
5599,63.47
5600,64.98
5601,66.6
5602,67.67
5603,66.15
5604,67.68
5605,67.77
5606,67.61
5607,68.94
5608,70.52
5609,71.71
5610,70.62
5611,68.49
5612,70.52
5613,68.95
5614,69.96
5615,70.48
5616,66.13
5617,66.36
5618,68.47
5619,68.82
5620,68.1
5621,69.75
5622,68.11
5623,68.52
5624,65.74
5625,63.12
5626,61.54
5627,59.71
5628,59.17
5629,58.43
5630,58.25
5631,60.48
5632,61.25
5633,62.02
5634,63.54
5635,64.64
5636,65.93
5637,65.36
5638,68.06
5639,68.82
5640,69.78
5641,68.53
5642,65.79
5643,68.82
5644,70.08
5645,72.9
5646,73.82
5647,74.39
5648,74.61
5649,74.21
5650,73.79
5651,71.58
5652,74.03
5653,73.76
5654,71.33
5655,68.65
5656,68.66
5657,72.81
5658,73.75
5659,73.71
5660,74.34
5661,73.1
5662,70.74
5663,70.68
5664,72.8
5665,69.02
5666,68.78
5667,67.6
5668,66.78
5669,65.84
5670,69.2
5671,69.76
5672,68.96
5673,68.76
5674,66.91
5675,66.53
5676,68.51
5677,71.56
5678,70.72
5679,68.11
5680,69.65
5681,67.43
5682,64.99
5683,64.6
5684,65.43
5685,64.63
5686,65.82
5687,67.12
5688,66.5
5689,65.26
5690,68.51
5691,67.65
5692,68.47
5693,69.45
5694,70.75
5695,70.81
5696,72.16
5697,73.14
5698,74.58
5699,75.86
5700,76.51
5701,77.74
5702,78.36
5703,77.72
5704,76.45
5705,76.69
5706,75.11
5707,77.18
5708,74.91
5709,75.56
5710,75.68
5711,78.21
5712,78.02
5713,75.51
5714,77.18
5715,77.07
5716,76.99
5717,75.18
5718,74.81
5719,77.14
5720,77.36
5721,78.64
5722,76.45
5723,75.61
5724,78.14
5725,75.35
5726,76.57
5727,76.0
5728,77.77
5729,78.68
5730,76.96
5731,77.76
5732,77.74
5733,76.18
5734,74.93
5735,73.63
5736,70.91
5737,70.07
5738,71.19
5739,71.33
5740,73.34
5741,71.28
5742,71.87
5743,72.74
5744,71.64
5745,73.87
5746,75.15
5747,76.59
5748,76.65
5749,77.62
5750,77.91
5751,79.05
5752,79.27
5753,80.14
5754,80.57
5755,80.06
5756,80.14
5757,79.38
5758,77.57
5759,77.61
5760,76.85
5761,75.18
5762,75.09
5763,74.13
5764,72.73
5765,72.18
5766,72.63
5767,72.75
5768,70.65
5769,71.2
5770,71.58
5771,73.94
5772,75.77
5773,71.3
5774,70.11
5775,69.62
5776,70.4
5777,70.4
5778,72.35
5779,71.49
5780,74.82
5781,74.89
5782,76.61
5783,76.88
5784,76.95
5785,76.44
5786,77.0
5787,74.38
5788,76.36
5789,76.07
5790,77.5
5791,78.66
5792,77.88
5793,79.2
5794,78.94
5795,78.77
5796,80.29
5797,79.44
5798,79.38
5799,77.08
5800,79.45
5801,80.28
5802,80.09
5803,78.37
5804,78.09
5805,79.17
5806,78.03
5807,78.64
5808,77.98
5809,79.89
5810,79.46
5811,80.37
5812,82.63
5813,84.48
5814,85.05
5815,84.49
5816,82.63
5817,82.77
5818,85.21
5819,83.44
5820,85.81
5821,86.9
5822,84.81
5823,83.09
5824,84.73
5825,84.55
5826,84.58
5827,86.09
5828,86.72
5829,85.59
5830,84.59
5831,86.82
5832,86.19
5833,88.09
5834,85.39
5835,82.31
5836,80.21
5837,76.48
5838,78.08
5839,79.0
5840,78.7
5841,79.41
5842,76.43
5843,73.87
5844,75.12
5845,71.86
5846,69.56
5847,70.45
5848,69.62
5849,67.18
5850,70.59
5851,73.56
5852,73.0
5853,73.08
5854,72.78
5855,73.12
5856,71.84
5857,71.09
5858,71.43
5859,73.68
5860,74.33
5861,73.28
5862,75.11
5863,75.29
5864,76.12
5865,77.52
5866,77.05
5867,78.53
5868,78.08
5869,75.22
5870,75.17
5871,76.21
5872,76.66
5873,74.21
5874,74.94
5875,71.73
5876,71.75
5877,73.08
5878,72.97
5879,74.56
5880,75.2
5881,74.35
5882,76.45
5883,76.63
5884,75.52
5885,75.55
5886,76.29
5887,76.31
5888,75.75
5889,77.59
5890,77.27
5891,77.9
5892,75.52
5893,76.66
5894,78.6
5895,77.5
5896,81.93
5897,83.6
5898,83.76
5899,82.9
5900,81.28
5901,81.54
5902,79.89
5903,77.83
5904,76.63
5905,75.14
5906,74.56
5907,76.74
5908,75.1
5909,74.84
5910,73.48
5911,73.08
5912,70.61
5913,70.74
5914,74.5
5915,75.16
5916,76.05
5917,75.51
5918,75.53
5919,74.93
5920,75.03
5921,75.78
5922,77.48
5923,77.87
5924,77.54
5925,78.52
5926,78.89
5927,78.46
5928,78.89
5929,77.43
5930,79.42
5931,78.76
5932,77.29
5933,77.69
5934,78.73
5935,77.71
5936,79.14
5937,78.79
5938,80.77
5939,82.69
5940,83.42
5941,83.35
5942,85.01
5943,83.67
5944,83.88
5945,83.08
5946,82.99
5947,84.01
5948,83.55
5949,81.94
5950,82.3
5951,81.12
5952,81.68
5953,81.28
5954,80.75
5955,81.91
5956,82.62
5957,81.27
5958,82.97
5959,82.47
5960,84.06
5961,84.71
5962,85.33
5963,86.83
5964,87.05
5965,87.15
5966,87.93
5967,87.92
5968,88.08
5969,86.07
5970,85.49
5971,83.98
5972,83.36
5973,83.7
5974,83.17
5975,82.34
5976,82.37
5977,84.53
5978,84.78
5979,85.9
5980,86.02
5981,88.56
5982,89.37
5983,90.65
5984,91.25
5985,90.78
5986,89.74
5987,89.93
5988,89.54
5989,90.4
5990,90.63
5991,91.33
5992,91.09
5993,91.11
5994,91.31
5995,93.11
5996,93.55
5997,93.63
5998,93.08
5999,93.52
6000,93.52
6001,92.5
6002,93.23
6003,95.82
6004,93.52
6005,95.07
6006,94.95
6007,94.25
6008,95.05
6009,96.8
6010,97.86
6011,97.86
6012,97.86
6013,97.83
6014,98.42
6015,96.27
6016,96.84
6017,96.76
6018,96.76
6019,96.04
6020,96.48
6021,97.06
6022,98.97
6023,100.4
6024,101.3
6025,101.69
6026,99.43
6027,99.44
6028,99.25
6029,100.16
6030,100.74
6031,99.93
6032,103.12
6033,102.48
6034,102.78
6035,103.45
6036,102.2
6037,106.82
6038,109.77
6039,113.91
6040,111.47
6041,112.27
6042,113.34
6043,116.89
6044,114.42
6045,115.71
6046,116.58
6047,112.32
6048,115.19
6049,114.07
6050,114.07
6051,112.95
6052,111.11
6053,110.96
6054,114.18
6055,114.13
6056,114.92
6057,115.63
6058,115.65
6059,115.41
6060,115.45
6061,115.95
6062,115.58
6063,115.35
6064,116.94
6065,118.63
6066,120.07
6067,122.87
6068,123.01
6069,122.9
6070,126.3
6071,126.46
6072,121.33
6073,122.7
6074,122.74
6075,124.63
6076,121.69
6077,121.35
6078,124.26
6079,123.64
6080,124.55
6081,124.94
6082,126.59
6083,126.64
6084,124.01
6085,121.55
6086,111.93
6087,113.69
6088,113.21
6089,117.82
6090,115.66
6091,112.87
6092,113.08
6093,113.72
6094,109.39
6095,112.54
6096,113.2
6097,111.25
6098,110.13
6099,112.52
6100,114.47
6101,115.06
6102,114.85
6103,117.18
6104,116.15
6105,114.3
6106,115.09
6107,115.4
6108,116.14
6109,118.43
6110,119.95
6111,118.71
6112,120.49
6113,120.35
6114,114.67
6115,114.69
6116,113.74
6117,112.21
6118,112.02
6119,113.59
6120,108.27
6121,104.79
6122,104.57
6123,107.57
6124,111.49
6125,111.71
6126,109.82
6127,113.21
6128,113.55
6129,117.4
6130,117.4
6131,117.35
6132,117.36
6133,118.46
6134,117.38
6135,118.06
6136,117.05
6137,118.18
6138,118.52
6139,118.25
6140,118.99
6141,118.27
6142,118.14
6143,117.99
6144,118.16
6145,115.93
6146,116.37
6147,116.02
6148,113.74
6149,110.22
6150,106.92
6151,103.06
6152,103.63
6153,103.84
6154,107.82
6155,108.17
6156,108.89
6157,109.69
6158,111.37
6159,108.36
6160,109.37
6161,108.83
6162,110.35
6163,111.91
6164,111.91
6165,112.29
6166,115.59
6167,116.48
6168,116.43
6169,115.92
6170,113.29
6171,117.5
6172,117.99
6173,115.1
6174,114.75
6175,114.08
6176,113.1
6177,116.71
6178,116.26
6179,112.89
6180,114.39
6181,114.26
6182,109.21
6183,109.17
6184,107.9
6185,109.54
6186,108.52
6187,107.08
6188,105.42
6189,103.61
6190,101.84
6191,103.77
6192,104.38
6193,106.56
6194,109.49
6195,109.22
6196,112.44
6197,112.45
6198,114.33
6199,112.92
6200,112.08
6201,111.76
6202,109.0
6203,111.6
6204,111.67
6205,112.11
6206,110.43
6207,112.45
6208,110.01
6209,108.43
6210,106.97
6211,110.82
6212,110.76
6213,112.22
6214,114.75
6215,115.61
6216,115.29
6217,113.32
6218,114.43
6219,112.57
6220,111.9
6221,111.91
6222,109.25
6223,107.82
6224,105.98
6225,107.77
6226,106.83
6227,106.08
6228,109.38
6229,111.25
6230,111.22
6231,108.83
6232,109.59
6233,110.18
6234,110.16
6235,110.07
6236,108.23
6237,107.91
6238,107.82
6239,109.25
6240,105.72
6241,104.52
6242,104.0
6243,104.55
6244,107.8
6245,108.0
6246,108.98
6247,109.28
6248,107.54
6249,106.89
6250,108.09
6251,111.12
6252,113.37
6253,113.59
6254,111.96
6255,111.07
6256,113.3
6257,111.66
6258,112.97
6259,109.88
6260,110.55
6261,109.81
6262,109.54
6263,108.5
6264,109.46
6265,108.38
6266,108.48
6267,109.08
6268,110.5
6269,110.24
6270,110.26
6271,111.96
6272,110.96
6273,112.56
6274,115.47
6275,116.86
6276,117.18
6277,118.4
6278,118.13
6279,118.73
6280,118.3
6281,120.25
6282,121.0
6283,120.69
6284,120.85
6285,123.07
6286,124.53
6287,124.89
6288,126.46
6289,124.02
6290,122.23
6291,125.76
6292,125.93
6293,126.68
6294,125.03
6295,125.37
6296,127.96
6297,128.08
6298,127.27
6299,128.14
6300,126.98
6301,123.63
6302,125.09
6303,125.76
6304,124.38
6305,123.89
6306,122.49
6307,125.21
6308,125.85
6309,125.25
6310,124.41
6311,123.23
6312,123.41
6313,124.44
6314,123.04
6315,123.58
6316,121.89
6317,120.41
6318,120.57
6319,120.62
6320,118.23
6321,117.41
6322,115.18
6323,117.0
6324,118.08
6325,116.66
6326,117.74
6327,117.45
6328,119.33
6329,119.3
6330,118.66
6331,119.57
6332,117.57
6333,115.91
6334,111.66
6335,110.48
6336,111.89
6337,112.24
6338,112.5
6339,110.79
6340,111.4
6341,109.8
6342,109.31
6343,108.03
6344,109.02
6345,109.76
6346,106.88
6347,107.2
6348,107.86
6349,107.55
6350,103.85
6351,103.86
6352,98.63
6353,97.74
6354,98.65
6355,101.14
6356,100.05
6357,97.57
6358,98.6
6359,96.59
6360,97.29
6361,96.46
6362,97.13
6363,95.21
6364,95.14
6365,93.5
6366,89.22
6367,89.22
6368,88.69
6369,90.19
6370,92.06
6371,91.02
6372,94.17
6373,95.28
6374,99.89
6375,101.54
6376,98.5
6377,99.94
6378,99.15
6379,99.23
6380,99.18
6381,101.91
6382,102.1
6383,104.21
6384,105.92
6385,107.79
6386,106.98
6387,103.91
6388,103.57
6389,102.35
6390,104.77
6391,106.3
6392,106.54
6393,105.93
6394,106.78
6395,107.55
6396,109.57
6397,110.01
6398,112.39
6399,113.42
6400,113.52
6401,113.13
6402,114.48
6403,113.9
6404,115.51
6405,116.12
6406,115.2
6407,115.5
6408,116.03
6409,115.77
6410,117.45
6411,115.76
6412,113.74
6413,112.62
6414,112.53
6415,112.28
6416,113.93
6417,114.98
6418,113.32
6419,114.5
6420,113.64
6421,113.84
6422,114.86
6423,114.86
6424,116.0
6425,117.48
6426,116.7
6427,113.29
6428,108.49
6429,109.41
6430,111.27
6431,109.2
6432,110.77
6433,108.99
6434,111.45
6435,111.36
6436,112.58
6437,112.49
6438,109.32
6439,110.48
6440,112.17
6441,112.6
6442,114.32
6443,116.11
6444,116.18
6445,115.17
6446,115.0
6447,115.0
6448,113.49
6449,112.58
6450,111.89
6451,109.62
6452,107.53
6453,107.66
6454,107.64
6455,108.9
6456,109.33
6457,109.4
6458,109.89
6459,108.84
6460,106.79
6461,105.59
6462,109.27
6463,108.21
6464,107.23
6465,108.61
6466,110.23
6467,108.82
6468,109.66
6469,110.07
6470,106.81
6471,110.06
6472,110.01
6473,110.81
6474,110.14
6475,110.18
6476,109.33
6477,108.26
6478,110.47
6479,110.84
6480,111.27
6481,109.99
6482,108.96
6483,108.01
6484,107.16
6485,108.25
6486,107.6
6487,110.17
6488,110.18
6489,109.28
6490,109.35
6491,109.96
6492,109.95
6493,110.57
6494,109.13
6495,108.44
6496,110.72
6497,110.04
6498,110.05
6499,110.8
6500,112.98
6501,113.03
6502,112.58
6503,112.49
6504,113.03
6505,113.07
6506,112.97
6507,110.3
6508,111.32
6509,111.72
6510,110.97
6511,111.01
6512,111.71
6513,112.72
6514,113.68
6515,114.59
6516,113.88
6517,113.92
6518,115.22
6519,115.42
6520,115.55
6521,115.55
6522,116.06
6523,117.03
6524,116.61
6525,117.17
6526,118.9
6527,118.29
6528,117.89
6529,118.43
6530,118.48
6531,117.4
6532,117.04
6533,116.23
6534,114.19
6535,113.74
6536,114.55
6537,112.96
6538,112.24
6539,112.2
6540,110.14
6541,109.9
6542,110.42
6543,110.27
6544,110.42
6545,108.91
6546,108.64
6547,108.48
6548,107.51
6549,108.1
6550,109.32
6551,108.54
6552,106.91
6553,108.27
6554,106.41
6555,106.51
6556,106.66
6557,107.1
6558,108.51
6559,108.46
6560,108.76
6561,109.66
6562,107.82
6563,105.09
6564,103.98
6565,103.16
6566,104.08
6567,104.8
6568,103.62
6569,100.58
6570,99.32
6571,97.88
6572,96.84
6573,97.48
6574,98.94
6575,99.07
6576,99.25
6577,100.71
6578,101.62
6579,102.39
6580,102.88
6581,101.53
6582,98.34
6583,100.32
6584,104.6
6585,105.0
6586,105.18
6587,103.79
6588,103.59
6589,101.31
6590,102.17
6591,102.7
6592,101.57
6593,104.27
6594,103.83
6595,104.55
6596,103.1
6597,102.14
6598,100.46
6599,101.24
6600,103.77
6601,102.14
6602,101.79
6603,100.43
6604,101.63
6605,102.04
6606,103.51
6607,103.37
6608,104.07
6609,103.87
6610,101.5
6611,103.11
6612,103.38
6613,105.1
6614,105.8
6615,105.21
6616,105.56
6617,102.72
6618,100.36
6619,99.8
6620,101.51
6621,100.62
6622,102.74
6623,102.49
6624,103.19
6625,103.96
6626,106.12
6627,107.46
6628,107.75
6629,107.9
6630,108.43
6631,108.18
6632,109.03
6633,109.05
6634,109.29
6635,109.67
6636,109.71
6637,109.34
6638,108.82
6639,109.27
6640,108.23
6641,108.1
6642,107.57
6643,108.1
6644,107.47
6645,107.89
6646,109.94
6647,109.63
6648,109.81
6649,108.77
6650,108.39
6651,107.32
6652,108.49
6653,109.28
6654,110.69
6655,110.26
6656,111.58
6657,111.82
6658,111.41
6659,110.74
6660,110.82
6661,110.51
6662,112.12
6663,112.23
6664,115.21
6665,116.27
6666,116.91
6667,115.97
6668,115.49
6669,115.65
6670,115.81
6671,117.15
6672,115.2
6673,112.1
6674,112.37
6675,113.11
6676,113.31
6677,110.86
6678,109.05
6679,109.09
6680,110.66
6681,110.22
6682,108.56
6683,107.68
6684,109.46
6685,108.86
6686,109.45
6687,107.85
6688,107.32
6689,109.09
6690,109.49
6691,109.42
6692,109.66
6693,110.56
6694,109.02
6695,111.63
6696,110.65
6697,110.13
6698,110.67
6699,110.79
6700,109.55
6701,109.4
6702,109.47
6703,109.57
6704,107.74
6705,106.63
6706,105.7
6707,108.29
6708,108.04
6709,108.41
6710,107.53
6711,105.78
6712,104.85
6713,105.01
6714,105.46
6715,103.08
6716,104.29
6717,105.76
6718,106.29
6719,106.9
6720,108.29
6721,108.25
6722,108.8
6723,108.29
6724,108.27
6725,109.9
6726,111.36
6727,110.83
6728,112.04
6729,111.32
6730,111.07
6731,111.49
6732,113.06
6733,113.27
6734,112.07
6735,111.5
6736,110.07
6737,108.91
6738,109.47
6739,108.99
6740,108.08
6741,110.3
6742,108.91
6743,109.56
6744,110.78
6745,112.15
6746,111.58
6747,111.57
6748,111.65
6749,112.06
6750,110.47
6751,109.95
6752,107.94
6753,106.57
6754,106.71
6755,107.01
6756,107.42
6757,107.49
6758,106.44
6759,108.02
6760,107.12
6761,108.09
6762,107.46
6763,108.45
6764,108.01
6765,109.17
6766,109.69
6767,109.69
6768,109.14
6769,108.72
6770,109.1
6771,108.83
6772,109.36
6773,108.16
6774,106.55
6775,107.04
6776,106.81
6777,108.15
6778,110.12
6779,110.18
6780,109.21
6781,108.62
6782,108.98
6783,108.63
6784,110.14
6785,110.37
6786,109.42
6787,109.03
6788,109.76
6789,109.19
6790,109.39
6791,108.54
6792,108.98
6793,111.26
6794,109.17
6795,108.15
6796,107.99
6797,109.14
6798,108.27
6799,108.35
6800,107.88
6801,107.48
6802,108.08
6803,106.99
6804,106.79
6805,105.95
6806,105.73
6807,107.2
6808,106.59
6809,107.01
6810,105.9
6811,106.58
6812,106.64
6813,105.95
6814,105.7
6815,103.37
6816,104.88
6817,106.41
6818,104.89
6819,105.83
6820,107.39
6821,107.1
6822,107.34
6823,107.68
6824,109.1
6825,109.71
6826,109.79
6827,109.69
6828,108.54
6829,108.48
6830,109.79
6831,109.53
6832,109.12
6833,109.89
6834,108.63
6835,108.63
6836,109.48
6837,109.48
6838,108.3
6839,108.17
6840,108.19
6841,108.26
6842,108.37
6843,108.78
6844,109.87
6845,109.74
6846,110.9
6847,110.84
6848,110.35
6849,111.32
6850,110.89
6851,110.19
6852,110.01
6853,109.81
6854,109.09
6855,109.98
6856,109.21
6857,109.34
6858,108.87
6859,109.07
6860,108.43
6861,109.21
6862,110.55
6863,109.18
6864,109.83
6865,112.18
6866,113.15
6867,113.42
6868,114.02
6869,114.25
6870,115.19
6871,114.55
6872,113.62
6873,113.74
6874,112.84
6875,112.61
6876,112.62
6877,111.03
6878,110.84
6879,110.18
6880,108.98
6881,108.7
6882,107.65
6883,106.84
6884,106.2
6885,105.77
6886,104.73
6887,104.73
6888,105.41
6889,106.04
6890,106.03
6891,105.71
6892,106.48
6893,106.85
6894,105.78
6895,106.89
6896,106.7
6897,106.98
6898,106.47
6899,104.94
6900,103.45
6901,103.63
6902,102.82
6903,104.17
6904,104.02
6905,103.36
6906,103.47
6907,101.68
6908,102.27
6909,101.15
6910,101.13
6911,99.37
6912,99.74
6913,99.92
6914,100.28
6915,100.09
6916,100.49
6917,100.5
6918,100.4
6919,100.71
6920,101.12
6921,100.21
6922,100.88
6923,101.21
6924,99.51
6925,99.53
6926,98.08
6927,96.26
6928,96.42
6929,96.31
6930,96.43
6931,97.39
6932,97.7
6933,96.82
6934,96.75
6935,95.37
6936,94.87
6937,94.53
6938,95.2
6939,95.08
6940,95.7
6941,94.67
6942,94.57
6943,91.29
6944,90.8
6945,90.65
6946,90.9
6947,90.25
6948,90.47
6949,88.66
6950,87.82
6951,86.36
6952,84.02
6953,84.02
6954,85.27
6955,84.42
6956,85.17
6957,86.38
6958,85.94
6959,86.0
6960,85.64
6961,85.57
6962,86.91
6963,85.5
6964,84.17
6965,84.9
6966,82.12
6967,82.88
6968,82.08
6969,83.2
6970,82.9
6971,80.94
6972,80.42
6973,77.74
6974,77.51
6975,76.86
6976,77.23
6977,77.21
6978,77.61
6979,79.2
6980,79.62
6981,77.62
6982,77.39
6983,71.89
6984,70.87
6985,71.13
6986,70.13
6987,68.48
6988,68.0
6989,65.64
6990,66.11
6991,63.32
6992,63.65
6993,61.67
6994,61.09
6995,60.26
6996,59.84
6997,58.81
6998,58.87
6999,58.31
7000,59.07
7001,58.67
7002,58.72
7003,57.86
7004,55.6
7005,55.27
7006,55.38
7007,51.08
7008,50.12
7009,49.06
7010,49.43
7011,47.64
7012,46.9
7013,45.13
7014,45.82
7015,47.66
7016,47.38
7017,46.49
7018,46.5
7019,46.09
7020,46.69
7021,46.07
7022,46.55
7023,47.07
7024,46.61
7025,47.52
7026,51.74
7027,54.41
7028,55.07
7029,55.98
7030,55.88
7031,57.0
7032,55.79
7033,53.48
7034,56.23
7035,60.33
7036,61.57
7037,60.78
7038,60.72
7039,58.78
7040,60.99
7041,59.78
7042,60.33
7043,59.77
7044,61.39
7045,61.89
7046,60.75
7047,61.18
7048,59.18
7049,60.33
7050,59.15
7051,58.67
7052,55.95
7053,56.46
7054,56.66
7055,54.8
7056,52.0
7057,52.17
7058,52.59
7059,52.96
7060,53.88
7061,53.82
7062,53.61
7063,54.18
7064,57.02
7065,56.44
7066,53.99
7067,53.69
7068,55.73
7069,55.73
7070,55.73
7071,57.55
7072,56.42
7073,56.04
7074,56.82
7075,57.14
7076,57.69
7077,59.32
7078,60.13
7079,61.31
7080,61.2
7081,60.12
7082,60.12
7083,62.66
7084,62.96
7085,62.86
7086,62.61
7087,63.97
7088,63.9
7089,64.13
7090,64.62
7091,65.44
7092,66.22
7093,64.93
7094,63.82
7095,62.82
7096,65.09
7097,66.33
7098,65.58
7099,64.69
7100,65.15
7101,63.48
7102,63.52
7103,64.7
7104,64.7
7105,61.65
7106,61.35
7107,60.12
7108,63.16
7109,62.87
7110,63.14
7111,62.78
7112,60.34
7113,60.36
7114,61.33
7115,63.23
7116,64.68
7117,63.76
7118,63.19
7119,60.99
7120,60.75
7121,60.75
7122,61.37
7123,59.41
7124,60.54
7125,61.67
7126,61.63
7127,60.24
7128,60.14
7129,59.03
7130,60.31
7131,61.65
7132,61.73
7133,59.06
7134,57.19
7135,54.72
7136,55.7
7137,57.83
7138,57.72
7139,57.63
7140,57.2
7141,57.34
7142,57.31
7143,56.38
7144,56.42
7145,55.94
7146,56.36
7147,55.76
7148,54.29
7149,54.07
7150,54.3
7151,54.73
7152,54.29
7153,53.29
7154,49.49
7155,49.08
7156,49.04
7157,47.8
7158,47.54
7159,48.3
7160,47.33
7161,48.29
7162,48.01
7163,47.79
7164,47.77
7165,47.0
7166,45.75
7167,45.63
7168,43.84
7169,41.59
7170,41.86
7171,41.76
7172,44.46
7173,47.97
7174,48.8
7175,47.67
7176,50.41
7177,48.59
7178,46.42
7179,48.88
7180,48.04
7181,47.77
7182,46.87
7183,45.87
7184,45.91
7185,49.35
7186,48.27
7187,47.28
7188,47.64
7189,46.69
7190,48.0
7191,47.06
7192,47.28
7193,46.04
7194,47.58
7195,47.29
7196,47.48
7197,46.55
7198,49.45
7199,51.34
7200,51.66
7201,52.13
7202,52.08
7203,50.95
7204,48.94
7205,48.25
7206,47.87
7207,48.96
7208,47.51
7209,46.93
7210,46.72
7211,46.59
7212,46.3
7213,46.57
7214,45.54
7215,47.6
7216,48.04
7217,48.0
7218,47.91
7219,48.0
7220,46.96
7221,47.19
7222,46.09
7223,45.38
7224,46.44
7225,44.98
7226,44.98
7227,41.98
7228,40.28
7229,41.28
7230,41.45
7231,42.22
7232,42.49
7233,43.7
7234,44.38
7235,43.56
7236,43.55
7237,43.07
7238,43.73
7239,42.97
7240,41.92
7241,42.0
7242,41.44
7243,39.69
7244,39.44
7245,39.04
7246,38.65
7247,36.99
7248,36.51
7249,37.66
7250,36.96
7251,36.29
7252,36.76
7253,35.34
7254,35.26
7255,35.79
7256,37.22
7257,37.08
7258,36.85
7259,35.65
7260,36.61
7261,36.28
7262,35.56
7263,33.89
7264,33.57
7265,31.67
7266,30.14
7267,29.14
7268,28.58
7269,28.84
7270,28.8
7271,27.36
7272,27.36
7273,26.01
7274,27.59
7275,30.46
7276,29.82
7277,30.94
7278,31.83
7279,33.01
7280,33.14
7281,32.45
7282,30.98
7283,32.38
7284,32.76
7285,32.35
7286,31.64
7287,30.15
7288,29.64
7289,28.82
7290,31.8
7291,31.09
7292,33.21
7293,33.2
7294,31.66
7295,33.59
7296,31.9
7297,31.5
7298,32.83
7299,35.76
7300,35.92
7301,35.73
7302,36.38
7303,35.75
7304,37.61
7305,39.02
7306,39.16
7307,40.26
7308,38.63
7309,39.41
7310,38.06
7311,37.49
7312,38.38
7313,39.29
7314,39.26
7315,39.91
7316,40.54
7317,38.84
7318,38.33
7319,38.33
7320,36.75
7321,36.75
7322,36.75
7323,36.42
7324,36.05
7325,35.88
7326,37.77
7327,37.15
7328,40.71
7329,41.58
7330,43.02
7331,42.81
7332,43.02
7333,41.32
7334,41.64
7335,43.02
7336,43.09
7337,43.48
7338,43.97
7339,42.97
7340,43.94
7341,44.17
7342,45.6
7343,45.64
7344,45.82
7345,43.09
7346,43.08
7347,44.39
7348,44.6
7349,42.43
7350,44.01
7351,46.08
7352,46.43
7353,47.05
7354,48.49
7355,48.71
7356,48.93
7357,47.01
7358,48.54
7359,47.77
7360,48.42
7361,48.87
7362,49.52
7363,49.09
7364,49.26
7365,48.81
7366,49.05
7367,48.5
7368,48.94
7369,49.76
7370,50.73
7371,50.59
7372,49.7
7373,49.36
7374,47.88
7375,47.47
7376,45.66
7377,46.57
7378,48.68
7379,48.18
7380,48.43
7381,48.63
7382,46.69
7383,45.07
7384,46.29
7385,48.4
7386,48.05
7387,47.65
7388,48.02
7389,45.64
7390,45.7
7391,45.93
7392,44.53
7393,44.04
7394,46.72
7395,44.67
7396,46.01
7397,46.25
7398,45.35
7399,45.7
7400,45.82
7401,44.99
7402,44.24
7403,43.76
7404,43.56
7405,42.78
7406,41.87
7407,40.76
7408,40.17
7409,40.0
7410,40.45
7411,41.33
7412,42.47
7413,43.24
7414,43.37
7415,42.19
7416,44.23
7417,45.12
7418,47.31
7419,48.27
7420,48.58
7421,49.46
7422,49.39
7423,48.1
7424,48.7
7425,47.56
7426,49.25
7427,49.66
7428,49.66
7429,47.94
7430,47.94
7431,45.05
7432,45.96
7433,46.72
7434,46.21
7435,47.0
7436,49.23
7437,48.37
7438,47.82
7439,46.48
7440,45.65
7441,45.83
7442,45.26
7443,46.04
7444,45.24
7445,45.99
7446,47.21
7447,46.71
7448,46.61
7449,44.95
7450,45.49
7451,48.43
7452,48.24
7453,48.61
7454,48.81
7455,49.57
7456,50.14
7457,50.49
7458,51.54
7459,50.48
7460,49.53
7461,49.29
7462,48.87
7463,49.31
7464,49.81
7465,51.85
7466,50.42
7467,50.28
7468,49.8
7469,49.08
7470,48.98
7471,49.13
7472,47.78
7473,46.2
7474,45.77
7475,44.26
7476,43.84
7477,43.06
7478,42.83
7479,43.47
7480,43.88
7481,43.67
7482,41.61
7483,41.83
7484,44.15
7485,45.07
7486,44.57
7487,44.41
7488,45.96
7489,46.1
7490,46.54
7491,47.54
7492,46.32
7493,46.64
7494,44.68
7495,47.95
7496,52.28
7497,52.35
7498,53.3
7499,52.31
7500,51.9
7501,51.6
7502,52.19
7503,53.99
7504,53.28
7505,53.15
7506,51.72
7507,54.15
7508,53.53
7509,54.56
7510,53.01
7511,54.04
7512,53.93
7513,54.95
7514,54.97
7515,54.96
7516,55.05
7517,54.57
7518,54.99
7519,55.9
7520,54.39
7521,53.2
7522,53.61
7523,54.51
7524,54.37
7525,54.3
7526,54.68
7527,53.77
7528,53.18
7529,55.04
7530,54.8
7531,54.7
7532,54.34
7533,55.89
7534,54.8
7535,54.77
7536,55.25
7537,55.79
7538,55.94
7539,55.92
7540,55.02
7541,53.79
7542,54.42
7543,53.98
7544,55.2
7545,54.15
7546,54.96
7547,54.57
7548,54.16
7549,54.48
7550,55.25
7551,56.34
7552,54.9
7553,55.82
7554,54.69
7555,54.65
7556,53.36
7557,55.72
7558,54.16
7559,54.12
7560,54.73
7561,54.61
7562,53.3
7563,50.65
7564,50.63
7565,50.1
7566,49.6
7567,50.63
7568,50.56
7569,50.58
7570,50.67
7571,50.14
7572,49.56
7573,50.17
7574,49.97
7575,50.12
7576,50.72
7577,51.36
7578,52.25
7579,52.2
7580,52.04
7581,53.08
7582,53.41
7583,53.62
7584,54.24
7585,54.79
7586,54.73
7587,54.75
7588,55.05
7589,54.79
7590,52.6
7591,52.43
7592,50.66
7593,49.93
7594,49.45
7595,49.37
7596,49.99
7597,49.46
7598,49.46
7599,50.41
7600,49.31
7601,48.82
7602,47.53
7603,47.45
7604,46.61
7605,47.06
7606,48.09
7607,49.18
7608,49.08
7609,51.29
7610,51.21
7611,51.76
7612,51.71
7613,52.78
7614,53.35
7615,53.19
7616,53.29
7617,52.25
7618,50.84
7619,52.25
7620,50.65
7621,49.4
7622,50.41
7623,48.46
7624,48.25
7625,48.11
7626,47.08
7627,46.3
7628,46.64
7629,47.18
7630,46.95
7631,45.47
7632,45.61
7633,45.7
7634,45.93
7635,43.98
7636,44.62
7637,44.46
7638,44.14
7639,44.09
7640,46.17
7641,46.45
7642,47.02
7643,47.08
7644,49.13
7645,49.15
7646,47.58
7647,48.53
7648,46.47
7649,46.57
7650,46.68
7651,46.73
7652,47.65
7653,47.89
7654,47.66
7655,47.92
7656,48.34
7657,48.54
7658,47.47
7659,47.81
7660,49.19
7661,50.08
7662,50.67
7663,52.0
7664,51.99
7665,50.77
7666,52.09
7667,52.88
7668,52.48
7669,51.42
7670,52.18
7671,52.16
7672,52.59
7673,51.47
7674,51.29
7675,49.9
7676,50.39
7677,50.37
7678,50.96
7679,51.94
7680,52.29
7681,52.31
7682,51.73
7683,51.87
7684,51.87
7685,51.64
7686,51.91
7687,52.69
7688,53.15
7689,52.6
7690,53.63
7691,54.48
7692,54.16
7693,54.55
7694,54.2
7695,55.06
7696,55.52
7697,56.76
7698,56.18
7699,55.5
7700,56.58
7701,57.2
7702,57.73
7703,58.16
7704,59.42
7705,59.77
7706,58.74
7707,58.8
7708,57.02
7709,55.67
7710,56.12
7711,56.0
7712,57.09
7713,55.5
7714,55.29
7715,56.62
7716,56.13
7717,56.13
7718,56.86
7719,57.49
7720,57.63
7721,58.05
7722,57.82
7723,57.89
7724,57.69
7725,57.84
7726,58.45
7727,58.75
7728,60.15
7729,60.65
7730,61.35
7731,60.98
7732,60.79
7733,61.42
7734,64.27
7735,64.36
7736,63.96
7737,64.49
7738,64.35
7739,62.94
7740,60.91
7741,61.25
7742,61.18
7743,61.34
7744,61.34
7745,62.28
7746,62.92
7747,63.27
7748,63.58
7749,63.25
7750,63.56
7751,63.74
7752,63.53
7753,64.57
7754,63.45
7755,63.45
7756,62.25
7757,62.37
7758,63.86
7759,65.62
7760,64.96
7761,63.66
7762,63.72
7763,63.81
7764,64.45
7765,63.69
7766,64.43
7767,64.64
7768,64.61
7769,66.03
7770,66.8
7771,66.73
7772,66.65
7773,67.85
7774,68.73
7775,68.01
7776,68.48
7777,69.08
7778,69.79
7779,70.36
7780,69.64
7781,70.31
7782,69.4
7783,69.19
7784,69.48
7785,68.56
7786,69.32
7787,69.81
7788,69.91
7789,71.08
7790,70.08
7791,68.41
7792,67.78
7793,67.78
7794,68.6
7795,67.45
7796,67.69
7797,66.75
7798,65.74
7799,64.26
7800,63.04
7801,62.2
7802,61.94
7803,62.29
7804,62.86
7805,64.3
7806,64.95
7807,64.68
7808,64.81
7809,66.12
7810,67.04
7811,67.96
7812,67.59
7813,66.08
7814,64.23
7815,64.26
7816,65.78
7817,65.67
7818,65.09
7819,63.87
7820,65.19
7821,64.53
7822,64.2
7823,63.61
7824,63.67
7825,64.68
7826,64.82
7827,66.0
7828,68.15
7829,68.98
7830,69.03
7831,68.81
7832,68.63
7833,68.13
7834,69.02
7835,69.02
7836,66.04
7837,66.54
7838,66.51
7839,68.19
7840,70.67
7841,72.74
7842,71.44
7843,73.18
7844,72.05
7845,71.71
7846,73.73
7847,74.85
7848,74.62
7849,74.54
7850,75.86
7851,73.79
7852,75.39
7853,75.33
7854,75.92
7855,74.85
7856,73.14
7857,73.45
7858,74.75
7859,74.16
7860,77.6
7861,77.59
7862,77.37
7863,78.17
7864,78.94
7865,78.19
7866,80.09
7867,78.38
7868,78.34
7869,80.42
7870,78.69
7871,78.9
7872,76.6
7873,74.51
7874,75.89
7875,76.45
7876,74.54
7877,73.41
7878,72.91
7879,73.23
7880,75.23
7881,75.11
7882,74.58
7883,74.86
7884,75.07
7885,74.77
7886,72.02
7887,74.87
7888,74.92
7889,74.25
7890,72.87
7891,73.67
7892,72.82
7893,73.58
7894,76.09
7895,76.26
7896,77.44
7897,76.71
7898,75.87
7899,76.99
7900,77.09
7901,74.98
7902,77.08
7903,77.8
7904,75.35
7905,72.11
7906,74.11
7907,71.03
7908,70.87
7909,70.52
7910,71.94
7911,71.99
7912,73.45
7913,73.53
7914,73.67
7915,74.51
7916,74.84
7917,74.99
7918,74.16
7919,72.28
7920,72.95
7921,72.48
7922,72.51
7923,72.31
7924,70.71
7925,70.55
7926,71.0
7927,70.62
7928,70.77
7929,68.38
7930,69.21
7931,70.14
7932,71.11
7933,71.65
7934,72.96
7935,73.73
7936,74.41
7937,74.41
7938,75.91
7939,76.07
7940,77.05
7941,76.94
7942,77.81
7943,77.51
7944,76.68
7945,75.67
7946,75.55
7947,76.77
7948,78.22
7949,80.02
7950,77.66
7951,77.87
7952,78.22
7953,79.25
7954,79.43
7955,79.03
7956,78.9
7957,80.89
7958,82.21
7959,81.87
7960,81.54
7961,82.72
7962,84.94
7963,85.63
7964,85.45
7965,86.07
7966,85.12
7967,84.22
7968,85.16
7969,83.82
7970,81.35
7971,80.71
7972,80.91
7973,80.53
7974,79.91
7975,80.3
7976,80.38
7977,80.45
7978,78.67
7979,77.34
7980,77.3
7981,77.4
7982,77.56
7983,75.68
7984,74.84
7985,71.25
7986,71.11
7987,72.68
7988,70.64
7989,70.1
7990,69.29
7991,69.01
7992,69.81
7993,65.45
7994,64.88
7995,65.61
7996,65.29
7997,64.14
7998,61.5
7999,61.65
8000,61.11
8001,57.69
8002,59.7
8003,59.58
8004,57.97
8005,58.29
8006,57.71
8007,60.17
8008,61.22
8009,61.4
8010,57.83
8011,61.71
8012,60.29
8013,59.73
8014,59.94
8015,59.03
8016,58.56
8017,57.59
8018,55.26
8019,55.6
8020,52.84
8021,51.93
8022,51.49
8023,50.57
8024,54.06
8025,53.23
8026,55.64
8027,57.1
8028,56.91
8029,59.46
8030,60.47
8031,59.24
8032,58.8
8033,58.65
8034,59.81
8035,59.85
8036,62.04
8037,62.18
8038,60.9
8039,61.05
8040,61.09
8041,61.49
8042,59.71
8043,60.98
8044,61.89
8045,62.46
8046,61.86
8047,62.26
8048,61.67
8049,62.22
8050,61.01
8051,61.37
8052,61.3
8053,62.58
8054,63.27
8055,64.0
8056,65.65
8057,66.41
8058,65.86
8059,66.82
8060,66.91
8061,66.91
8062,64.02
8063,64.51
8064,65.55
8065,65.03
8066,63.71
8067,64.44
8068,64.24
8069,64.51
8070,64.82
8071,65.66
8072,65.06
8073,65.33
8074,65.89
8075,66.18
8076,66.11
8077,66.65
8078,67.13
8079,68.35
8080,68.3
8081,66.29
8082,67.37
8083,67.51
8084,67.35
8085,66.08
8086,67.93
8087,69.08
8088,69.68
8089,69.21
8090,69.8
8091,69.93
8092,71.12
8093,71.02
8094,71.63
8095,71.3
8096,71.57
8097,70.9
8098,70.74
8099,71.14
8100,70.71
8101,70.71
8102,74.39
8103,73.59
8104,74.94
8105,71.03
8106,71.22
8107,72.19
8108,72.01
8109,70.56
8110,71.95
8111,71.95
8112,70.98
8113,71.09
8114,70.61
8115,71.63
8116,72.35
8117,72.53
8118,73.09
8119,74.7
8120,73.94
8121,73.21
8122,72.94
8123,71.94
8124,68.37
8125,67.98
8126,70.19
8127,70.64
8128,69.55
8129,66.78
8130,63.16
8131,63.56
8132,62.14
8133,62.77
8134,64.1
8135,64.31
8136,63.56
8137,61.66
8138,63.28
8139,63.13
8140,62.56
8141,63.35
8142,62.85
8143,65.44
8144,65.99
8145,65.16
8146,66.24
8147,66.85
8148,66.78
8149,67.52
8150,65.1
8151,62.72
8152,63.53
8153,63.62
8154,64.23
8155,64.89
8156,64.3
8157,66.41
8158,67.64
8159,66.65
8160,66.86
8161,65.87
8162,63.67
8163,60.7
8164,61.04
8165,61.96
8166,62.28
8167,63.83
8168,63.47
8169,62.46
8170,62.29
8171,62.55
8172,64.07
8173,62.9
8174,61.12
8175,59.32
8176,58.63
8177,55.03
8178,56.29
8179,57.37
8180,57.13
8181,59.9
8182,57.86
8183,57.37
8184,59.0
8185,59.79
8186,59.03
8187,60.6
8188,59.81
8189,58.64
8190,58.64
8191,58.44
8192,60.42
8193,60.59
8194,61.04
8195,58.55
8196,57.93
8197,60.68
8198,62.7
8199,61.28
8200,63.99
8201,64.67
8202,63.02
8203,60.76
8204,61.25
8205,68.42
8206,65.59
8207,64.29
8208,64.25
8209,65.23
8210,64.66
8211,64.13
8212,62.41
8213,62.08
8214,62.48
8215,60.99
8216,60.06
8217,57.92
8218,58.01
8219,59.13
8220,59.46
8221,58.14
8222,59.7
8223,59.08
8224,60.59
8225,58.81
8226,59.19
8227,59.3
8228,59.35
8229,59.96
8230,58.95
8231,60.5
8232,60.52
8233,61.71
8234,62.06
8235,60.39
8236,61.05
8237,60.22
8238,59.3
8239,60.17
8240,62.52
8241,62.72
8242,62.11
8243,62.6
8244,62.0
8245,62.58
8246,62.19
8247,62.27
8248,62.46
8249,63.32
8250,62.82
8251,62.37
8252,63.8
8253,64.99
8254,64.83
8255,64.67
8256,64.82
8257,65.03
8258,64.68
8259,64.5
8260,63.2
8261,62.95
8262,65.25
8263,65.67
8264,66.5
8265,66.44
8266,66.57
8267,65.37
8268,66.67
8269,67.44
8270,68.04
8271,68.99
8272,69.12
8273,69.7
8274,68.66
8275,67.49
8276,69.26
8277,69.26
8278,69.26
8279,68.91
8280,68.3
8281,67.77
8282,67.77
8283,67.05
8284,69.08
8285,70.25
8286,68.74
8287,67.31
8288,66.58
8289,66.77
8290,64.14
8291,64.45
8292,63.29
8293,64.63
8294,64.05
8295,64.63
8296,63.66
8297,62.11
8298,61.26
8299,59.34
8300,58.54
8301,59.37
8302,59.46
8303,57.72
8304,57.77
8305,54.0
8306,53.9
8307,55.36
8308,55.18
8309,54.53
8310,53.39
8311,54.0
8312,55.54
8313,56.34
8314,57.37
8315,57.83
8316,57.35
8317,59.72
8318,59.72
8319,58.6
8320,56.04
8321,56.71
8322,54.96
8323,52.19
8324,51.31
8325,52.52
8326,52.24
8327,51.86
8328,51.29
8329,45.6
8330,35.33
8331,36.66
8332,34.45
8333,31.05
8334,33.0
8335,28.04
8336,28.04
8337,26.93
8338,23.3
8339,25.4
8340,25.06
8341,23.75
8342,25.62
8343,23.55
8344,22.39
8345,19.07
8346,19.19
8347,14.97
8348,20.24
8349,24.33
8350,22.58
8351,22.1
8352,25.22
8353,20.23
8354,21.74
8355,19.8
8356,18.69
8357,19.75
8358,17.36
8359,9.12
