,BTC,ETH,LTC,BCH,TRX,XRP,EOS
0,5764.56,296.37,55.02,363.82,0.00312,0.2001,0.5218
1,5726.61,293.33,54.22,416.77,0.0036799999999999997,0.1981,0.5336
2,6147.7,304.04,56.75,451.91,0.0026899999999999997,0.2015,0.6671
3,6124.28,306.8,56.22,444.93,0.00262,0.2024,0.7125
4,6449.1,303.63,55.5,435.48,0.00278,0.1975,0.7822
5,6737.78,289.42,52.82,530.24,0.0022199999999999998,0.191,1.05
6,7024.81,284.92,54.19,563.21,0.00212,0.2003,1.11
7,7146.98,304.51,55.98,626.02,0.00217,0.2059,1.2
8,7363.8,300.0,54.84,614.26,0.00218,0.2014,1.11
9,7389.55,296.22,54.6,625.72,0.00248,0.1997,1.09
10,6959.27,296.82,54.5,588.55,0.00183,0.2013,0.9123
11,7102.23,291.84,60.52,603.17,0.00231,0.2055,0.9517
12,7444.36,307.35,62.38,617.0,0.00236,0.2167,1.12
13,7129.59,319.67,64.15,650.09,0.00243,0.2154,1.18
14,6565.8,296.86,59.07,989.87,0.00228,0.2033,1.03
15,6339.87,314.23,62.14,1325.56,0.00225,0.2092,1.16
16,5878.09,306.02,58.53,1369.5,0.00185,0.1915,1.09
17,6522.45,314.6,61.0,1346.96,0.00215,0.2001,1.18
18,6597.06,334.72,62.13,1251.62,0.0025,0.205,1.68
19,7283.02,331.2,63.15,1185.84,0.0023,0.2083,1.67
20,7853.68,330.32,70.7,897.76,0.0022,0.22699999999999998,1.67
21,7699.95,331.72,67.36,1177.05,0.002,0.2239,1.74
22,7781.02,346.65,69.42,1242.89,0.00193,0.2275,1.91
23,8042.64,354.67,71.76,1177.07,0.00196,0.2322,1.88
24,8245.87,367.71,72.38,1245.28,0.00215,0.2409,1.99
25,8099.92,360.52,69.91,1169.9,0.00212,0.2321,1.91
26,8234.5,380.83,72.03,1297.83,0.00253,0.2385,1.89
27,8013.38,406.51,72.97,1662.4,0.00233,0.24,1.88
28,8203.45,470.4,77.53,1625.05,0.0021,0.24100000000000002,1.88
29,8754.62,464.55,88.77,1546.46,0.002,0.2489,2.05
30,9318.42,470.45,86.2,1718.73,0.0020800000000000003,0.2445,2.46
31,9732.63,475.2,90.99,1587.58,0.00209,0.247,2.86
32,9906.04,466.24,94.22,1481.92,0.0022600000000000003,0.2796,2.76
33,9848.05,427.3,85.4,1333.52,0.00215,0.2356,2.71
34,9947.08,435.31,85.94,1318.42,0.0022,0.2369,2.84
35,10861.47,461.58,99.15,1426.57,0.00206,0.2473,3.22
36,10912.72,457.96,99.32,1390.92,0.00202,0.2441,3.91
37,11244.2,462.92,100.71,1511.37,0.002,0.2449,3.58
38,11624.37,466.93,103.86,1540.64,0.00212,0.2462,4.04
39,11667.13,453.96,100.49,1421.41,0.0020399999999999997,0.2337,4.19
40,13750.09,422.39,98.94,1349.74,0.00386,0.2182,4.47
41,16867.98,420.76,95.99,1229.9,0.00364,0.2037,3.89
42,16048.18,451.78,125.34,1383.33,0.00404,0.2337,4.22
43,14839.98,472.31,155.98,1369.53,0.00439,0.2353,3.98
44,15060.45,436.54,147.46,1289.42,0.00414,0.2271,3.67
45,16733.29,513.36,214.53,1402.35,0.00512,0.2451,4.39
46,17083.9,656.52,327.96,1544.92,0.007670000000000001,0.3555,5.08
47,16286.82,699.09,305.03,1572.91,0.0147,0.4582,7.28
48,16467.91,693.58,280.02,1933.27,0.01754,0.8507,8.2
49,17594.08,684.09,299.98,1797.03,0.01851,0.7375,7.93
50,19346.6,692.32,302.04,1773.75,0.03587,0.7397,8.35
51,19065.71,717.73,319.57,1827.41,0.034,0.7118,7.97
52,18971.19,786.17,357.51,2146.46,0.04556,0.7558,8.88
53,17521.73,812.5,346.73,2670.97,0.04236,0.7344,11.49
54,16461.09,799.17,304.77,3715.91,0.04688,0.7144,10.45
55,15632.12,789.39,307.69,3084.09,0.04829,1.12,10.65
56,13664.97,657.81,262.15,2521.45,0.03744,1.0,7.69
57,14396.63,700.44,283.69,2991.58,0.04811,1.01,8.26
58,13789.95,676.08,272.24,2797.92,0.03615,0.9782,7.99
59,13830.19,723.14,268.03,2739.94,0.03295,0.9805,8.15
60,15757.02,753.44,279.47,2921.89,0.03762,1.07,8.6
61,15416.34,739.93,264.07,2710.64,0.036489999999999995,1.21,8.72
62,14398.45,716.69,249.84,2486.54,0.039830000000000004,1.26,8.1
63,14392.14,739.6,243.13,2622.42,0.03543,1.93,8.12
64,12532.38,692.99,212.07,2210.18,0.03752,1.86,7.08
65,13850.49,741.09,226.52,2371.83,0.04862,1.98,7.69
66,13444.88,756.17,224.34,2319.12,0.0579,2.05,7.64
67,14754.09,861.97,251.81,2555.49,0.09809,2.19,8.3
68,15156.49,941.0,244.63,2556.37,0.1307,2.73,9.43
69,15180.08,944.83,238.3,2355.68,0.2536,2.73,9.47
70,16954.76,967.13,244.51,2390.04,0.2981,2.51,9.29
71,17174.5,1006.41,278.92,2533.24,0.1963,2.65,9.83
72,16228.26,1117.75,271.57,2530.5,0.2163,2.78,10.16
73,14976.17,1136.11,254.24,2404.74,0.1517,2.41,9.6
74,14468.09,1289.24,246.02,2376.68,0.1254,2.06,9.23
75,14920.36,1248.96,249.11,2856.94,0.1332,1.95,11.2
76,13308.06,1139.32,226.53,2437.92,0.1108,1.93,11.27
77,13841.19,1261.06,235.35,2596.21,0.1086,2.02,13.8
78,14244.12,1385.02,257.94,2664.98,0.1041,2.0,16.0
79,13638.63,1359.38,236.86,2530.59,0.08614,1.83,13.23
80,13634.6,1278.7,231.89,2394.02,0.07767,1.66,12.78
81,11282.49,1050.26,183.7,1760.95,0.057429999999999995,1.15,10.0
82,11162.7,1024.9,188.14,1748.8,0.08542999999999999,1.31,10.15
83,11175.52,1012.97,191.03,1708.87,0.08338,1.57,10.18
84,11521.82,1037.36,192.27,1756.72,0.0809,1.54,11.07
85,12783.54,1150.5,210.68,2024.32,0.08601,1.57,15.51
86,11549.98,1049.09,190.72,1772.37,0.07176,1.37,13.47
87,10814.52,999.75,179.42,1606.05,0.07178999999999999,1.34,13.38
88,10853.78,984.48,177.91,1614.46,0.06858,1.34,12.88
89,11428.11,1061.61,180.59,1653.46,0.07221,1.36,13.9
90,11175.87,1046.37,178.93,1631.96,0.0697,1.3,14.25
91,11104.34,1048.58,175.65,1594.67,0.06637,1.21,14.24
92,11460.39,1109.08,180.71,1632.08,0.06956,1.22,14.38
93,11767.74,1231.57,193.23,1742.54,0.06657,1.36,14.75
94,11234.32,1169.94,180.45,1650.33,0.0646,1.27,13.54
95,10107.4,1063.77,165.36,1462.94,0.05421,1.11,11.36
96,10226.86,1111.29,162.93,1487.18,0.057010000000000005,1.14,11.98
97,9114.73,1026.19,141.36,1267.99,0.046810000000000004,0.9503,10.03
98,8872.87,917.47,131.17,1192.13,0.0421,0.8989,10.23
99,9251.27,970.87,161.0,1273.33,0.04664,0.9595,10.64
100,8218.05,826.34,147.55,1158.63,0.03872,0.8166,8.89
101,6936.43,695.05,125.02,884.28,0.03032,0.6805,7.06
102,7701.25,785.16,141.85,966.87,0.03622,0.7619,8.29
103,7593.78,751.86,137.84,954.81,0.03267,0.7157,7.67
104,8259.26,813.55,149.54,1280.55,0.03827,0.7809999999999999,8.31
105,8696.83,877.66,163.92,1299.97,0.0469,0.9201,9.48
106,8569.32,850.99,154.91,1240.54,0.04815,1.03,8.9
107,8084.61,811.17,149.06,1211.03,0.04214,0.9607,8.33
108,8911.17,865.28,161.4,1282.05,0.045810000000000003,1.04,9.13
109,8544.69,840.99,159.05,1220.75,0.04308,0.9866,8.94
110,9485.64,920.11,212.01,1353.19,0.04607,1.13,9.85
111,10033.75,927.95,221.08,1359.47,0.04643,1.11,9.84
112,10188.73,937.92,228.39,1530.42,0.05269,1.11,9.84
113,11097.21,974.78,229.43,1543.21,0.05492999999999999,1.18,10.02
114,10418.12,913.9,214.16,1453.2,0.049569999999999996,1.07,9.06
115,11182.28,939.79,221.97,1521.88,0.0517,1.11,9.49
116,11256.78,885.52,229.43,1393.76,0.04729,1.03,8.88
117,10481.66,840.19,210.26,1287.03,0.04494,0.9512,8.34
118,9847.96,804.61,192.91,1209.98,0.0404,0.8904,7.78
119,10175.51,854.7,206.6,1256.73,0.04319,0.9402,8.26
120,9705.73,833.49,206.38,1182.03,0.04077,0.9009,7.9
121,9610.11,840.28,218.52,1172.58,0.04015,0.9014,7.69
122,10326.5,867.62,218.62,1244.42,0.04191,0.9296,7.99
123,10594.76,871.59,215.15,1234.17,0.04258,0.9276,8.39
124,10334.44,851.5,202.14,1200.33,0.04364,0.8857,8.19
125,10929.37,869.84,209.31,1284.9,0.04872,0.9155,8.55
126,11043.12,855.6,212.61,1276.64,0.05325,0.8983,8.02
127,11465.36,855.65,210.29,1272.26,0.04923,0.8984,7.92
128,11503.94,864.92,213.36,1285.24,0.04819,1.0,8.15
129,11440.33,849.57,210.8,1266.93,0.04673,0.9427,7.95
130,10735.45,815.65,196.58,1207.49,0.0441,0.9013,7.13
131,9928.56,751.13,186.05,1095.21,0.03862,0.8535,6.43
132,9316.77,698.83,175.82,1033.96,0.037110000000000004,0.8053,6.1
133,9252.76,726.76,186.38,1065.69,0.037469999999999996,0.8236,6.02
134,8797.27,682.3,177.3,1003.78,0.035339999999999996,0.775,5.64
135,9543.98,720.37,188.38,1138.84,0.03875,0.8173,6.04
136,9142.27,697.0,177.85,1051.06,0.0367,0.7822,5.72
137,9160.12,689.96,175.47,1053.72,0.0363,0.7777,5.79
138,8216.22,613.15,160.77,950.28,0.031389999999999994,0.6876,5.28
139,8267.95,610.66,164.28,939.68,0.030330000000000003,0.6841,5.12
140,8283.23,600.53,164.95,972.28,0.030430000000000002,0.6779,5.04
141,7882.67,549.79,152.65,949.45,0.02885,0.6278,4.63
142,8215.5,537.38,153.94,936.28,0.02932,0.65,4.62
143,8623.14,555.55,161.51,994.36,0.032760000000000004,0.7203,6.18
144,8920.53,557.57,169.09,1062.82,0.03855,0.6996,5.93
145,8911.37,559.91,168.74,1031.75,0.03726,0.6786,6.9
146,8724.98,539.89,163.92,1015.19,0.03818,0.6523,6.89
147,8935.51,543.84,168.85,1029.65,0.04202,0.6404,6.94
148,8548.39,520.17,159.05,975.94,0.04927,0.6291,6.51
149,8472.56,522.97,160.31,975.38,0.04531,0.6341,6.43
150,8152.18,486.14,148.28,913.74,0.044219999999999995,0.5874,5.78
151,7808.42,448.78,134.86,877.69,0.0433,0.5703,5.8
152,7959.78,445.93,131.66,861.16,0.04879,0.5733,6.2
153,7106.62,383.96,114.66,711.13,0.043410000000000004,0.5031,5.88
154,6853.75,393.83,118.49,696.98,0.04136,0.4989,6.01
155,6943.77,394.07,116.32,685.47,0.03413,0.5003,5.93
156,6835.58,378.85,115.11,644.1,0.03229,0.4787,5.6
157,7074.65,384.68,119.26,663.98,0.03599,0.4937,5.82
158,7434.3,415.93,134.23,710.13,0.03493,0.5473,6.02
159,6815.5,378.65,118.36,651.53,0.030239999999999996,0.4903,5.67
160,6790.45,381.43,118.76,644.1,0.0393,0.4886,6.33
161,6634.86,370.35,113.19,610.9,0.03671,0.4731,5.84
162,6917.2,384.98,116.2,642.65,0.037239999999999995,0.4847,5.9
163,7049.92,400.72,117.88,657.44,0.03787,0.4973,5.98
164,6789.53,399.02,115.02,638.73,0.03606,0.4862,5.86
165,6871.07,415.65,114.41,652.78,0.03731,0.4909,6.0
166,6977.04,430.39,118.32,670.06,0.03657,0.5401,8.52
167,7927.73,493.95,129.71,737.84,0.04029,0.6416,8.83
168,7898.74,494.96,125.57,743.27,0.03926,0.6424,8.82
169,8022.51,502.79,126.55,739.16,0.04055,0.6401,8.71
170,8376.73,534.16,132.71,782.05,0.04365,0.6936,8.53
171,8079.77,511.67,128.84,769.81,0.04123,0.6638,8.12
172,7921.65,503.03,132.34,759.77,0.04239,0.6549,8.5
173,8189.92,525.78,140.49,895.68,0.0477,0.7132,9.04
174,8301.82,567.25,146.58,966.63,0.04936,0.7828,9.48
175,8877.15,617.17,155.73,1125.29,0.053989999999999996,0.9229,11.45
176,8935.85,605.17,148.5,1154.45,0.053320000000000006,0.8655,11.14
177,8823.46,621.33,146.67,1195.64,0.052070000000000005,0.862,11.3
178,8967.86,644.13,152.64,1440.95,0.058789999999999995,0.8736,11.62
179,9657.69,703.4,164.69,1407.56,0.07247999999999999,0.9213,15.11
180,8873.57,617.62,145.0,1289.86,0.07003999999999999,0.795,14.46
181,9289.01,661.41,153.19,1421.25,0.07403,0.8466,15.44
182,8938.47,643.12,145.87,1331.97,0.07338,0.8057,16.61
183,9349.94,683.02,151.96,1390.64,0.0819,0.8617,18.78
184,9407.35,689.31,153.43,1440.09,0.08838,0.8682,21.41
185,9248.25,670.04,148.27,1348.4,0.09296,0.8313,17.46
186,9077.28,670.81,148.02,1354.28,0.0923,0.8343,18.74
187,9232.19,686.74,151.21,1457.08,0.09135,0.8587,19.23
188,9746.26,777.78,161.22,1507.65,0.08711,0.8802,17.67
189,9700.37,784.19,168.76,1513.29,0.086,0.8889,17.05
190,9846.44,816.59,178.16,1758.59,0.08719,0.9004,17.77
191,9643.99,790.39,171.84,1756.57,0.08452,0.8629,17.39
192,9377.08,752.39,164.24,1651.39,0.08269,0.8262,17.8
193,9196.13,747.79,159.04,1599.52,0.08248,0.8065,17.96
194,9321.52,751.27,156.78,1626.74,0.08027000000000001,0.7957,17.79
195,9032.22,723.63,148.24,1519.84,0.07285,0.7485,17.32
196,8420.82,677.8,136.47,1367.01,0.06437999999999999,0.6781,14.82
197,8488.07,683.64,141.82,1458.55,0.06691,0.6836,13.95
198,8709.46,729.34,144.41,1478.75,0.07399,0.7285,14.59
199,8672.88,727.41,147.39,1412.97,0.07076,0.7272,13.8
200,8480.16,705.64,139.56,1337.53,0.06745,0.6905,12.8
201,8342.69,706.71,139.32,1280.11,0.07123,0.708,12.67
202,8071.04,668.41,132.63,1192.88,0.0662,0.6592,12.23
203,8247.91,693.57,136.19,1203.32,0.06882,0.6764,12.91
204,8249.24,696.05,135.14,1177.02,0.06875,0.6747,13.12
205,8533.22,715.15,139.58,1291.59,0.07697000000000001,0.6985,13.95
206,8419.67,696.73,134.28,1229.05,0.08109,0.6756,13.43
207,7992.75,641.12,128.13,1135.14,0.07322000000000001,0.6384,12.11
208,7505.77,577.01,118.72,994.24,0.06805,0.591,10.67
209,7584.78,602.66,122.88,1073.9,0.07235,0.6293,12.75
210,7475.36,584.77,119.07,1016.45,0.07042999999999999,0.6057,12.18
211,7355.06,585.76,118.44,1006.46,0.07245,0.609,12.21
212,7362.23,569.64,117.96,996.48,0.07016,0.6044,12.44
213,7118.88,512.03,111.17,883.18,0.05969,0.5478,11.51
214,7474.75,566.7,119.49,988.04,0.06402000000000001,0.6001,12.14
215,7393.02,557.12,117.23,982.87,0.061520000000000005,0.6005,11.88
216,7501.74,577.23,118.38,996.52,0.06018,0.6111,12.23
217,7530.55,579.01,120.2,1001.86,0.05826,0.6209,12.23
218,7643.26,590.53,123.62,1084.22,0.060739999999999995,0.6428,14.62
219,7719.73,619.03,125.18,1168.43,0.06172999999999999,0.6883,14.52
220,7503.32,591.31,119.96,1097.9,0.05873,0.6555,13.43
221,7629.4,608.2,122.08,1150.06,0.06034,0.6743,14.15
222,7661.79,606.3,121.49,1129.12,0.059160000000000004,0.6737,13.91
223,7700.4,604.44,121.63,1144.55,0.05902,0.6774,14.6
224,7627.56,599.55,119.99,1115.05,0.05752,0.6734,14.01
225,7513.76,593.35,117.46,1085.74,0.05711,0.6573,14.11
226,6773.72,524.73,106.73,935.9,0.04728,0.5817,11.01
227,6887.43,531.15,107.22,954.26,0.04832,0.5988,11.3
228,6556.94,494.53,100.04,870.74,0.04369,0.5572,9.98
229,6310.43,476.3,93.71,842.82,0.04082,0.5301,10.0
230,6643.63,519.83,101.02,895.33,0.04505,0.5576,11.25
231,6396.71,487.51,95.55,842.61,0.042319999999999997,0.5338,10.54
232,6503.1,497.22,96.7,850.03,0.04305,0.5326,10.54
233,6457.78,496.84,94.98,847.28,0.042460000000000005,0.5269,10.34
234,6714.56,517.63,98.73,884.91,0.04495,0.5392,10.73
235,6741.28,538.45,98.66,907.69,0.04979,0.5489999999999999,10.7
236,6761.27,536.16,97.85,891.94,0.04968,0.5396,10.43
237,6720.64,525.74,96.7,871.59,0.048780000000000004,0.5341,10.41
238,6051.47,462.16,84.97,751.41,0.04272,0.4822,8.52
239,6166.36,474.18,82.96,762.42,0.04464,0.4906,8.37
240,6157.78,455.25,80.62,747.19,0.04212,0.4747,8.05
241,6260.4,458.81,81.61,754.23,0.0421,0.4805,8.18
242,6092.26,429.89,75.82,695.45,0.03835,0.4525,7.36
243,6141.57,441.75,80.73,713.38,0.03901,0.4711,7.99
244,5870.81,420.7,74.18,658.97,0.03658,0.4469,7.38
245,6203.81,435.26,79.04,715.5,0.037489999999999996,0.4538,7.75
246,6385.43,453.41,81.12,747.85,0.03833,0.4685,8.12
247,6342.69,451.96,79.89,736.91,0.037989999999999996,0.4612,8.13
248,6616.6,476.58,85.49,781.15,0.04003,0.4897,8.98
249,6508.43,461.79,84.99,755.8,0.03887,0.4846,8.81
250,6589.77,467.19,85.4,763.41,0.0394,0.49200000000000005,8.91
251,6534.81,467.55,83.3,743.02,0.038380000000000004,0.4773,8.85
252,6602.03,469.93,83.08,732.78,0.03757,0.4764,8.63
253,6758.08,485.82,84.88,772.76,0.03828,0.4851,8.86
254,6707.46,486.19,82.22,749.2,0.03754,0.4782,8.71
255,6668.84,471.48,80.47,729.59,0.03623,0.4731,7.69
256,6306.87,432.69,75.94,686.77,0.03358,0.4426,7.14
257,6394.36,445.59,78.3,707.1,0.033780000000000004,0.449,7.16
258,6253.66,430.91,76.99,686.9,0.03202,0.4379,6.92
259,6229.61,432.46,76.62,694.23,0.033089999999999994,0.4378,6.9
260,6268.32,433.74,76.27,702.02,0.033460000000000004,0.4388,6.94
261,6364.26,449.62,78.63,724.17,0.03437,0.4474,7.4
262,6740.54,478.81,83.67,801.6,0.03754,0.4824,8.1
263,7326.76,499.06,89.05,852.79,0.039869999999999996,0.5066,8.78
264,7383.39,479.03,86.32,824.39,0.03959,0.4887,8.6
265,7477.1,468.65,86.2,824.27,0.037860000000000005,0.4768,8.42
266,7333.93,448.84,81.82,764.93,0.03472,0.4448,7.85
267,7405.4,461.04,83.56,787.28,0.03568,0.4544,8.0
268,7398.64,457.65,82.3,785.21,0.03514,0.4488,7.85
269,7718.0,449.63,81.25,781.91,0.034,0.445,7.93
270,8395.81,479.34,89.19,865.86,0.038,0.4573,8.59
271,8170.37,471.33,86.34,831.23,0.03702,0.45899999999999996,8.53
272,7937.1,462.03,83.54,804.03,0.03583,0.4493,8.31
273,8182.88,469.69,84.45,820.01,0.036660000000000005,0.4548,8.43
274,8230.82,468.55,84.02,822.81,0.03689,0.4577,8.37
275,8216.7,466.2,83.95,830.31,0.03913,0.4529,8.34
276,8176.08,456.56,82.19,814.48,0.0365,0.4458,7.74
277,7736.25,431.97,78.84,776.27,0.0338,0.4351,7.33
278,7610.9,419.87,77.64,767.83,0.03255,0.4464,7.23
279,7542.34,410.83,76.2,731.03,0.03134,0.4306,7.02
280,7417.6,417.62,77.59,724.78,0.03036,0.4402,7.18
281,7017.89,406.91,73.02,695.86,0.0287,0.4296,6.98
282,7042.57,408.78,74.65,709.17,0.030160000000000003,0.4347,7.03
283,6945.77,404.95,73.58,690.96,0.02905,0.4128,7.06
284,6723.29,377.94,67.33,657.05,0.027589999999999996,0.3781,6.57
285,6285.06,355.57,62.22,588.63,0.02418,0.3321,5.59
286,6543.25,363.51,63.02,608.95,0.025710000000000004,0.344,5.76
287,6152.95,331.56,59.14,570.32,0.02364,0.3187,5.24
288,6242.53,317.99,57.91,563.2,0.02216,0.298,4.96
289,6322.41,318.21,59.37,571.36,0.02307,0.2958,4.96
290,6263.2,284.03,56.49,531.6,0.01911,0.2745,4.58
291,6199.63,278.31,54.37,510.26,0.01853,0.273,4.57
292,6274.22,281.24,54.41,511.19,0.01916,0.2803,4.63
293,6323.81,286.8,55.39,516.11,0.01938,0.2916,4.51
294,6591.18,317.57,61.79,603.7,0.02337,0.3672,5.58
295,6405.74,294.85,57.24,554.89,0.02146,0.3284,5.08
296,6502.24,299.62,57.82,570.97,0.02201,0.3414,5.29
297,6270.09,270.76,53.4,513.43,0.0204,0.3149,4.7
298,6491.09,281.13,56.4,536.44,0.020919999999999998,0.33399999999999996,4.9
299,6366.14,270.36,55.18,518.46,0.0196,0.3178,4.71
300,6539.13,275.83,57.28,529.91,0.02085,0.3257,4.9
301,6708.94,281.37,57.92,533.43,0.021519999999999997,0.3269,5.05
302,6749.71,277.56,57.94,536.49,0.0224,0.3273,5.04
303,6720.6,274.3,57.09,523.98,0.0228,0.32299999999999995,4.95
304,6915.92,288.02,60.69,549.26,0.02455,0.3387,5.38
305,7091.38,295.55,63.16,565.28,0.02688,0.3508,5.91
306,7051.61,288.67,61.54,554.53,0.025480000000000003,0.3447,6.13
307,6998.76,284.15,60.22,538.73,0.02502,0.3348,6.07
308,7026.96,281.65,62.12,542.22,0.02541,0.3348,6.4
309,7203.46,295.36,66.47,617.79,0.02665,0.3468,6.66
310,7301.25,295.02,66.23,651.28,0.02567,0.3417,6.64
311,7270.05,288.97,65.38,628.3,0.02501,0.3345,6.47
312,7369.89,285.23,67.68,626.34,0.02544,0.3304,6.48
313,6705.06,228.27,57.73,526.8,0.02166,0.2789,5.16
314,6515.42,229.56,57.49,519.43,0.02164,0.3014,5.23
315,6413.12,215.14,55.55,497.43,0.02034,0.2868,5.06
316,6200.23,196.77,53.14,474.24,0.01915,0.2769,4.74
317,6249.07,195.99,54.72,479.21,0.0193,0.276,4.94
318,6324.43,197.13,54.34,466.54,0.01923,0.2697,5.03
319,6295.54,185.15,52.0,439.9,0.0185,0.263,4.99
320,6337.08,183.03,51.63,431.73,0.01818,0.2699,4.94
321,6492.17,211.27,54.55,463.61,0.02012,0.2792,5.39
322,6485.39,208.87,56.28,447.49,0.0198,0.2761,5.23
323,6522.68,221.62,56.35,448.87,0.01985,0.2807,5.34
324,6502.44,220.12,56.79,450.46,0.01991,0.281,5.41
325,6261.33,196.04,52.09,417.55,0.01839,0.2705,4.84
326,6346.44,208.39,54.0,432.64,0.0193,0.319,5.06
327,6398.83,209.78,54.31,429.8,0.01963,0.3265,5.25
328,6505.97,224.76,56.59,456.12,0.02131,0.4485,5.77
329,6762.07,247.69,60.87,501.93,0.02502,0.5644,6.19
330,6716.6,240.78,60.6,485.43,0.02317,0.5733,5.94
331,6702.73,244.55,61.36,489.53,0.0238,0.5713,6.03
332,6583.53,227.92,57.95,462.39,0.02213,0.4923,5.67
333,6437.74,219.2,57.54,446.34,0.02125,0.5251,5.42
334,6462.6,214.21,57.23,514.23,0.02104,0.5129,5.55
335,6686.13,229.09,63.22,566.04,0.02251,0.5434,5.82
336,6635.4,221.56,61.84,539.29,0.02198,0.5396,5.76
337,6603.75,231.32,61.54,538.21,0.022080000000000002,0.5688,5.75
338,6623.82,232.6,61.1,530.76,0.02216,0.5817,5.72
339,6594.98,230.9,60.28,532.46,0.022080000000000002,0.5769,5.74
340,6525.46,225.42,59.34,531.74,0.02239,0.5165,5.62
341,6492.61,219.97,57.36,516.31,0.02156,0.5277,5.62
342,6580.0,221.76,58.14,513.69,0.02275,0.5281,5.8
343,6632.88,227.9,58.75,520.37,0.02335,0.5195,5.83
344,6589.94,224.62,57.82,509.95,0.02383,0.4877,5.73
345,6601.46,225.65,58.09,519.66,0.026930000000000003,0.48200000000000004,5.76
346,6650.07,229.33,59.44,529.86,0.026639999999999997,0.491,5.94
347,6631.79,227.49,58.68,518.92,0.02609,0.4805,5.92
348,6581.07,225.26,57.82,513.62,0.025519999999999998,0.46399999999999997,5.92
349,6209.47,189.83,50.81,431.68,0.02099,0.3809,5.09
350,6252.1,195.97,53.3,441.0,0.02295,0.4193,5.2
351,6267.27,199.45,53.42,449.93,0.0239,0.4194,5.3
352,6277.73,194.99,51.94,438.99,0.02376,0.4064,5.2
353,6612.69,210.8,54.68,463.11,0.02565,0.4555,5.59
354,6583.05,210.22,53.9,459.13,0.02486,0.4774,5.57
355,6576.4,207.6,53.67,450.87,0.02495,0.4774,5.56
356,6489.37,202.49,52.35,439.55,0.02475,0.4619,5.46
357,6469.28,202.86,52.81,442.07,0.024419999999999997,0.4567,5.4
358,6490.6,205.08,53.31,449.57,0.024669999999999997,0.4646,5.45
359,6509.87,204.77,52.76,451.07,0.02456,0.4613,5.51
360,6484.32,203.6,52.12,452.57,0.02425,0.4575,5.46
361,6470.63,203.7,52.6,444.87,0.02376,0.4658,5.49
362,6476.52,202.93,52.27,444.95,0.023790000000000002,0.461,5.43
363,6462.77,201.23,52.17,442.73,0.02361,0.4604,5.43
364,6457.21,203.37,52.05,441.13,0.024,0.4641,5.45
365,6470.17,202.79,51.9,438.48,0.0235,0.4587,5.42
366,6470.74,203.73,51.79,441.15,0.02377,0.4621,5.44
367,6314.38,195.67,48.71,416.5,0.02226,0.44299999999999995,5.15
368,6309.11,196.22,49.04,422.11,0.022359999999999998,0.4459,5.14
369,6342.81,197.85,49.67,425.36,0.02251,0.4524,5.25
370,6381.3,198.73,50.33,425.0,0.02257,0.4593,5.29
371,6394.65,201.02,51.41,463.8,0.02308,0.4589,5.4
372,6376.55,199.47,50.82,479.96,0.02284,0.4558,5.32
373,6467.05,211.31,54.23,569.53,0.02368,0.4686,5.54
374,6433.53,209.7,53.64,561.85,0.02392,0.4993,5.51
375,6479.72,219.55,56.03,631.45,0.02474,0.5529,5.78
376,6530.94,218.04,54.06,618.32,0.0241,0.5381,5.67
377,6446.06,211.29,52.28,576.75,0.02335,0.4944,5.53
378,6377.99,209.39,51.89,544.33,0.0233,0.5016,5.41
379,6396.39,211.9,52.18,556.78,0.02314,0.5061,5.43
380,6408.18,211.7,51.12,533.77,0.02307,0.5069,5.49
381,6375.08,210.81,50.68,516.24,0.02279,0.5208,5.46
382,6339.17,206.43,49.42,514.43,0.02241,0.5121,5.29
383,5740.51,182.72,43.38,444.07,0.01991,0.475,4.75
384,5647.5,181.55,43.96,381.0,0.01942,0.4839,4.76
385,5586.97,174.84,42.28,355.2,0.01917,0.4736,4.59
386,5567.95,174.22,41.83,361.28,0.01929,0.4943,4.63
387,5615.26,177.55,42.13,338.0,0.019030000000000002,0.5128,4.65
388,4809.62,148.22,36.27,266.19,0.01598,0.4775,4.13
389,4441.81,130.74,32.86,247.55,0.0142,0.4369,3.81
390,4593.04,136.5,34.6,258.19,0.01489,0.4476,3.84
391,4320.68,124.83,31.56,250.22,0.013869999999999999,0.4225,3.53
392,4343.42,123.37,32.05,229.97,0.013919999999999998,0.4089,3.66
393,3854.11,112.74,29.0,195.62,0.01268,0.3755,3.3
394,4004.46,116.68,30.84,205.38,0.01259,0.3782,3.4
395,3784.77,108.89,29.5,195.69,0.01192,0.359,3.24
396,3822.99,110.21,31.13,205.28,0.01205,0.3626,3.05
397,4263.52,122.88,34.63,222.57,0.01488,0.3925,3.3
398,4286.85,117.48,33.68,208.28,0.01573,0.3812,3.04
399,4009.67,112.87,31.85,195.7,0.01457,0.363,2.89
400,4197.7,118.5,34.13,195.44,0.015280000000000002,0.3737,2.97
401,4143.86,115.97,33.59,198.23,0.01505,0.3695,2.87
402,3871.41,108.23,30.7,181.88,0.014430000000000002,0.3468,2.59
403,3948.44,109.82,30.95,174.49,0.014519999999999998,0.3519,2.47
404,3737.53,101.57,28.92,151.42,0.01407,0.337,2.19
405,3485.18,90.43,26.53,119.77,0.01295,0.3074,1.85
406,3420.57,93.61,25.0,104.98,0.01342,0.3023,1.76
407,3461.07,91.44,24.5,100.29,0.013730000000000001,0.3074,1.86
408,3592.84,94.42,25.6,107.38,0.013930000000000001,0.3136,2.05
409,3467.16,90.7,24.28,102.17,0.0135,0.3022,1.95
410,3401.02,88.05,23.43,95.71,0.013519999999999999,0.3005,1.86
411,3485.59,90.52,24.36,97.03,0.013619999999999998,0.3081,2.01
412,3305.11,86.39,23.1,87.11,0.01342,0.3002,1.87
413,3235.48,83.9,23.36,79.72,0.013059999999999999,0.2894,1.85
414,3232.51,84.27,23.71,76.45,0.012969999999999999,0.2858,1.93
415,3255.37,85.39,25.65,79.06,0.013219999999999999,0.2891,1.95
416,3548.19,95.44,29.31,88.47,0.014519999999999998,0.3319,2.45
417,3715.85,102.44,30.44,104.48,0.01515,0.3558,2.7
418,3736.54,100.63,29.39,126.63,0.0159,0.3531,2.52
419,4137.66,116.43,32.83,192.61,0.01768,0.3808,2.8
420,3898.81,109.44,30.54,192.64,0.0204,0.3609,2.67
421,4045.24,118.36,32.13,197.72,0.02141,0.3675,2.69
422,4007.63,131.56,33.5,196.76,0.02134,0.3757,2.87
423,4081.95,140.87,33.28,181.77,0.021269999999999997,0.4097,2.83
424,3834.73,130.99,31.12,171.42,0.02056,0.3862,2.58
425,3848.78,132.61,30.89,175.68,0.02072,0.3833,2.65
426,3646.09,116.72,28.05,148.46,0.01882,0.342,2.36
427,3947.86,139.73,32.66,174.34,0.02119,0.3821,2.74
428,3797.06,137.3,31.05,162.53,0.02033,0.368,2.69
429,3896.21,141.33,32.02,163.22,0.02055,0.3752,2.75
430,3747.39,133.49,30.13,149.23,0.0192,0.3564,2.62
431,3880.15,142.66,32.12,165.02,0.02008,0.3709,2.73
432,3961.01,156.57,33.4,171.7,0.02077,0.3799,2.96
433,3835.86,149.44,32.03,160.99,0.02052,0.3607,2.75
434,3874.06,156.04,32.44,160.64,0.02207,0.3628,2.79
435,3855.39,156.23,34.94,159.38,0.02266,0.3569,2.75
436,4102.85,158.61,39.45,166.39,0.02352,0.3721,2.94
437,4050.4,152.09,37.98,160.89,0.02408,0.3671,2.83
438,4040.75,151.1,39.56,161.31,0.02675,0.3696,2.84
439,4048.34,151.17,38.92,160.44,0.0287,0.3721,2.95
440,3668.15,127.96,33.55,134.23,0.02632,0.3326,2.45
441,3669.2,127.16,32.0,130.49,0.025330000000000002,0.3316,2.44
442,3664.38,125.83,32.26,133.8,0.02385,0.3325,2.45
443,3551.24,116.56,30.11,125.37,0.02153,0.3188,2.28
444,3703.9,129.74,32.36,133.16,0.02615,0.3364,2.51
445,3621.24,121.22,31.27,126.98,0.02483,0.3278,2.42
446,3643.99,123.12,31.63,128.31,0.025580000000000002,0.3302,2.46
447,3685.3,123.72,31.83,130.28,0.02567,0.3313,2.55
448,3648.05,120.57,31.13,127.31,0.02511,0.3247,2.48
449,3729.78,124.85,32.57,129.77,0.024909999999999998,0.3336,2.5
450,3567.73,118.41,30.76,122.41,0.024,0.32,2.36
451,3571.92,116.72,31.04,122.18,0.025910000000000002,0.3209,2.35
452,3602.04,119.12,31.8,127.97,0.02667,0.3216,2.48
453,3572.05,117.57,31.89,132.11,0.026860000000000002,0.3169,2.46
454,3598.52,117.7,32.83,129.45,0.027339999999999996,0.3198,2.49
455,3582.89,115.92,32.91,127.09,0.027010000000000003,0.3174,2.48
456,3596.5,116.33,32.98,125.94,0.02891,0.3155,2.44
457,3565.08,112.27,32.34,121.4,0.02947,0.3082,2.38
458,3453.42,106.36,31.16,111.53,0.027260000000000003,0.2952,2.26
459,3418.25,104.75,31.01,109.61,0.027719999999999998,0.2892,2.3
460,3467.21,109.04,31.83,117.27,0.02765,0.3235,2.38
461,3434.13,106.89,31.52,113.59,0.0256,0.3122,2.36
462,3461.63,107.03,32.73,115.26,0.02658,0.3086,2.38
463,3508.68,111.0,34.54,121.1,0.026539999999999998,0.3115,2.48
464,3449.62,107.21,33.26,118.14,0.025660000000000002,0.3028,2.4
465,3431.24,106.9,33.97,118.17,0.027180000000000003,0.2986,2.42
466,3447.66,106.93,34.27,116.58,0.02659,0.2996,2.42
467,3394.89,104.5,32.81,114.18,0.02588,0.289,2.38
468,3375.33,104.3,33.18,114.89,0.026180000000000002,0.2909,2.37
469,3660.03,119.49,43.13,128.94,0.0272,0.3127,2.77
470,3652.26,119.46,44.61,127.97,0.02667,0.3123,2.81
471,3685.14,125.58,46.86,126.49,0.02617,0.3098,2.89
472,3611.34,120.76,42.85,121.56,0.02505,0.3023,2.78
473,3617.41,122.63,43.93,121.95,0.024909999999999998,0.3055,3.0
474,3605.87,122.31,41.69,121.72,0.02445,0.305,2.9
475,3588.72,120.85,41.39,120.67,0.023819999999999997,0.3015,2.79
476,3593.49,122.02,42.69,120.99,0.02416,0.3023,2.84
477,3617.24,123.26,43.56,121.4,0.02405,0.3019,2.83
478,3670.92,134.28,44.06,123.92,0.02429,0.3048,2.92
479,3912.57,146.53,47.88,143.35,0.02525,0.3238,3.54
480,3924.24,144.4,47.35,141.6,0.024990000000000002,0.3254,3.6
481,3974.05,149.23,51.68,147.14,0.025269999999999997,0.33299999999999996,3.98
482,3937.04,146.36,48.99,141.7,0.024909999999999998,0.322,3.87
483,3983.53,149.04,49.64,143.75,0.0255,0.3249,3.94
484,4149.09,159.48,51.8,154.07,0.02588,0.3362,4.33
485,3771.62,133.42,43.98,127.29,0.02384,0.3005,3.61
486,3845.51,139.02,45.76,134.04,0.024669999999999997,0.3307,3.63
487,3817.88,137.12,45.05,132.82,0.024630000000000003,0.3197,3.51
488,3830.72,135.94,45.37,131.19,0.02459,0.3136,3.58
489,3823.37,136.29,45.92,130.17,0.0242,0.3166,3.57
490,3831.48,136.15,47.38,131.41,0.024130000000000002,0.3172,3.54
491,3842.94,133.81,48.9,130.77,0.02341,0.3163,3.56
492,3812.31,131.21,48.17,129.64,0.02301,0.3129,3.59
493,3731.28,126.43,46.13,123.69,0.02324,0.3043,3.3
494,3874.18,137.93,52.97,132.82,0.02429,0.3171,3.84
495,3874.98,138.49,55.85,131.77,0.02374,0.3188,3.82
496,3882.61,137.65,57.24,130.41,0.02349,0.3141,3.84
497,3868.02,134.42,56.0,128.03,0.02295,0.3095,3.66
498,3947.74,138.24,58.18,133.74,0.02337,0.3151,3.83
499,3929.84,136.36,57.05,131.75,0.02331,0.3143,3.77
500,3874.89,133.54,55.34,129.27,0.02266,0.312,3.63
501,3888.57,134.37,56.97,127.86,0.02292,0.3108,3.7
502,3878.44,132.93,55.85,127.97,0.0226,0.3161,3.64
503,3881.44,132.89,56.34,132.44,0.02283,0.3136,3.63
504,3927.08,137.63,58.91,143.86,0.02332,0.3165,3.76
505,4027.01,141.68,61.61,156.58,0.023530000000000002,0.3206,3.87
506,3998.0,139.74,60.97,155.04,0.02334,0.3174,3.82
507,3988.85,138.5,59.67,161.71,0.022940000000000002,0.3167,3.79
508,4024.14,139.46,60.17,161.31,0.02314,0.3169,3.81
509,4056.75,140.22,60.91,159.97,0.023280000000000002,0.3197,3.79
510,3996.93,135.61,58.9,153.72,0.02253,0.3112,3.68
511,4000.84,136.76,59.61,157.1,0.023,0.3113,3.67
512,4007.21,137.74,61.13,166.73,0.02461,0.3117,3.71
513,3994.11,136.21,59.95,164.18,0.02366,0.3085,3.68
514,3924.55,133.96,59.16,159.79,0.022969999999999997,0.3024,3.68
515,3942.22,134.29,59.08,159.3,0.02281,0.3028,3.78
516,4045.98,140.23,61.77,171.34,0.02365,0.3111,4.32
517,4036.45,138.39,60.74,168.66,0.02343,0.3072,4.3
518,4111.38,144.41,61.81,171.19,0.0237,0.3096,4.38
519,4118.13,143.29,60.71,167.7,0.023569999999999997,0.3128,4.22
520,4112.69,142.4,60.78,169.54,0.02374,0.3109,4.25
521,4151.32,141.85,60.7,167.89,0.02456,0.3134,4.25
522,4906.93,164.93,77.67,243.2,0.02702,0.3545,5.08
523,4976.59,161.18,85.58,301.25,0.026010000000000002,0.3426,5.24
524,4913.36,158.07,85.15,287.02,0.025889999999999996,0.3314,5.1
525,5047.23,166.39,88.95,294.59,0.027410000000000004,0.3644,5.38
526,5057.25,166.28,92.63,306.76,0.02696,0.354,5.38
527,5201.16,175.57,92.16,321.07,0.02905,0.3638,5.48
528,5294.09,181.06,89.61,310.5,0.03084,0.3591,5.57
529,5201.3,176.3,87.02,296.41,0.030189999999999998,0.3504,5.59
530,5318.6,177.39,88.34,305.06,0.03005,0.354,5.85
531,5048.56,165.24,79.44,271.56,0.026760000000000003,0.3292,5.33
532,5081.5,164.56,78.98,282.84,0.026760000000000003,0.3258,5.39
533,5080.66,164.53,78.15,279.36,0.02634,0.3268,5.34
534,5165.59,168.68,83.94,290.04,0.02723,0.3303,5.6
535,5037.27,160.3,78.27,312.93,0.02645,0.3194,5.34
536,5212.81,166.9,81.03,317.25,0.026989999999999997,0.3263,5.55
537,5236.26,167.02,79.34,310.62,0.02685,0.3368,5.47
538,5289.75,174.6,82.27,306.99,0.02696,0.3371,5.53
539,5295.53,174.13,82.7,307.25,0.026489999999999996,0.3324,5.51
540,5326.18,173.96,81.69,300.81,0.02622,0.3287,5.47
541,5305.74,170.3,77.39,291.33,0.02513,0.3226,5.26
542,5394.67,171.9,77.14,293.3,0.025240000000000002,0.3245,5.28
543,5539.1,170.66,74.26,289.2,0.0244,0.3207,5.16
544,5454.58,166.05,73.34,279.33,0.02349,0.3017,4.83
545,5162.67,152.99,71.0,265.27,0.0229,0.2879,4.59
546,5234.09,156.45,72.8,264.88,0.02395,0.3003,4.85
547,5233.47,158.72,71.54,263.62,0.02375,0.2958,4.83
548,5272.45,158.05,69.1,255.8,0.02401,0.2983,4.88
549,5237.96,156.69,67.94,238.92,0.023219999999999998,0.2956,4.73
550,5350.64,164.39,75.12,271.31,0.02444,0.3113,5.04
551,5389.54,161.42,73.85,272.69,0.023880000000000002,0.3055,4.96
552,5500.72,161.29,73.86,270.56,0.02362,0.3031,4.97
553,5753.38,168.24,79.29,292.79,0.024130000000000002,0.3075,5.27
554,5840.08,163.61,78.13,292.72,0.02371,0.3048,5.15
555,5794.14,163.94,75.99,294.86,0.024059999999999998,0.3009,5.09
556,5748.17,173.7,75.48,290.17,0.023969999999999998,0.3039,5.11
557,5819.57,168.59,74.28,283.86,0.024059999999999998,0.2975,5.01
558,5998.71,171.42,75.05,287.54,0.02506,0.3002,5.05
559,6171.96,170.86,74.07,284.11,0.023469999999999998,0.2948,4.9
560,6358.29,172.5,76.8,286.52,0.02369,0.2984,4.84
561,7191.36,192.44,88.0,353.18,0.02507,0.3216,5.46
562,6977.63,188.14,84.83,356.02,0.023780000000000003,0.3107,5.34
563,7806.36,195.83,87.63,383.25,0.0244,0.324,5.51
564,7980.13,217.16,91.5,388.77,0.02733,0.4075,6.02
565,8183.83,248.64,102.17,403.81,0.030989999999999997,0.4579,6.45
566,7874.11,264.47,95.66,398.77,0.028419999999999997,0.419,6.49
567,7371.96,244.84,89.98,368.02,0.027160000000000004,0.3902,6.08
568,7266.08,233.96,86.71,358.12,0.02657,0.3719,5.89
569,8193.14,260.9,95.06,418.08,0.02833,0.4185,6.47
570,7998.29,252.1,91.64,414.38,0.0279,0.3993,6.26
571,7947.93,254.94,91.24,416.79,0.028419999999999997,0.3971,6.28
572,7626.89,243.46,87.73,387.71,0.02658,0.3717,5.93
573,7876.5,245.6,88.89,405.65,0.026860000000000002,0.3807,6.03
574,7996.4,249.61,100.54,408.76,0.027569999999999997,0.384,6.42
575,8059.13,251.49,102.97,406.03,0.027510000000000003,0.3869,6.38
576,8726.23,268.26,112.48,433.75,0.031139999999999998,0.4092,6.96
577,8785.17,271.83,116.95,440.37,0.03524,0.4347,8.04
578,8718.85,271.45,114.93,433.79,0.03475,0.4488,8.1
579,8664.56,269.6,115.29,456.69,0.03367,0.4446,8.01
580,8276.25,254.45,108.05,421.86,0.031160000000000004,0.4188,7.3
581,8550.67,267.42,114.4,442.98,0.03297,0.43799999999999994,8.55
582,8555.87,264.71,112.45,432.47,0.03754,0.4293,7.71
583,8737.91,269.31,114.58,441.57,0.03835,0.4447,7.73
584,8114.49,249.61,105.86,401.39,0.03387,0.4175,6.68
585,7677.47,241.1,102.12,382.94,0.03518,0.3981,6.3
586,7791.29,246.16,103.85,397.48,0.03429,0.401,6.43
587,7807.36,249.43,111.41,397.09,0.032780000000000004,0.4201,6.37
588,8002.63,249.54,117.08,399.39,0.03365,0.4207,6.64
589,7933.78,244.4,118.51,393.63,0.03213,0.4086,6.37
590,7643.44,231.43,114.87,380.68,0.0298,0.3858,6.15
591,8021.0,247.96,129.83,394.5,0.03166,0.4017,6.468
592,7917.32,245.16,136.08,388.16,0.03107,0.3934,6.335
593,8174.14,263.05,136.16,397.11,0.03365,0.4029,6.462000000000001
594,8235.57,255.09,130.86,412.06,0.03266,0.3996,6.472
595,8693.96,263.76,132.71,421.34,0.03199,0.40399999999999997,6.569
596,8853.56,269.22,138.35,423.46,0.03273,0.4112,6.912999999999999
597,8979.18,268.53,136.95,427.54,0.03275,0.4282,6.997000000000001
598,9336.01,273.92,134.19,431.17,0.033760000000000005,0.4484,7.151
599,9081.71,264.51,135.13,413.43,0.03298,0.42700000000000005,6.794
600,9280.54,269.01,136.83,416.59,0.0333,0.4354,6.882999999999999
601,9536.85,272.21,135.78,412.85,0.03268,0.4304,6.8629999999999995
602,10218.87,296.03,139.07,441.28,0.03323,0.4453,7.062
603,10689.54,309.41,141.77,480.49,0.03723,0.4755,7.499
604,10855.99,307.37,136.83,475.76,0.03703,0.4688,7.265
605,11035.74,311.22,135.4,478.2,0.03832,0.4729,7.251
606,11740.34,316.53,135.51,477.0,0.0382,0.4657,7.127999999999999
607,12913.28,333.76,130.52,481.92,0.03605,0.4614,6.702000000000001
608,11154.09,294.07,114.24,412.17,0.032139999999999995,0.4049,5.8870000000000005
609,12355.06,309.37,119.46,434.11,0.033589999999999995,0.4242,6.18
610,11884.1,317.32,133.44,440.01,0.035089999999999996,0.4253,6.329
611,10769.05,290.15,122.16,399.3,0.03174,0.3934,5.757000000000001
612,10591.87,294.17,122.67,416.23,0.03263,0.4057,6.0489999999999995
613,10844.13,291.61,118.68,407.46,0.03198,0.3984,5.9079999999999995
614,11981.61,302.17,121.97,421.99,0.03248,0.4056,6.066
615,11156.52,283.1,119.67,400.03,0.03134,0.3874,5.722
616,10993.25,287.9,118.53,400.06,0.03196,0.3795,5.7620000000000005
617,11248.94,287.98,118.31,406.54,0.032060000000000005,0.3899,5.774
618,11474.28,306.43,120.17,412.55,0.035,0.3986,5.9670000000000005
619,12296.16,313.34,123.46,417.88,0.03395,0.4028,5.97
620,12567.02,307.89,119.44,415.33,0.0343,0.39399999999999996,5.895
621,12099.12,288.64,108.23,388.88,0.03202,0.3613,5.261
622,11343.12,268.56,103.04,345.5,0.02795,0.3289,4.686
623,11797.37,275.41,105.07,352.93,0.02943,0.3443,4.797
624,11363.97,268.94,101.06,344.53,0.028460000000000003,0.3319,4.7410000000000005
625,10204.41,226.16,89.76,281.76,0.02521,0.3046,4.118
626,10850.26,228.14,90.45,313.01,0.025230000000000002,0.3128,4.283
627,9423.44,198.71,79.63,282.28,0.02095,0.295,3.657
628,9696.15,211.29,90.22,292.19,0.02286,0.3108,3.8360000000000003
629,10638.35,226.09,101.27,314.47,0.025660000000000002,0.3209,4.093
630,10532.94,221.28,98.66,307.86,0.02812,0.3197,4.0489999999999995
631,10759.42,228.71,100.43,324.8,0.0289,0.3334,4.308
632,10586.71,225.4,99.69,320.93,0.02913,0.3308,4.32
633,10325.87,217.22,95.17,310.64,0.026560000000000004,0.3209,4.121
634,9854.15,212.21,89.97,297.58,0.02434,0.3081,4.1530000000000005
635,9772.14,216.66,94.44,302.63,0.02386,0.316,4.585
636,9882.43,219.41,93.37,302.03,0.0233,0.3132,4.57
637,9847.45,219.23,94.2,317.73,0.02323,0.3239,4.626
638,9478.32,207.17,88.78,305.64,0.02205,0.3095,4.266
639,9531.77,211.15,89.77,309.82,0.0225,0.3115,4.2669999999999995
640,9506.93,210.83,90.27,305.95,0.02207,0.3098,4.206
641,9595.52,209.82,90.27,318.01,0.022359999999999998,0.3188,4.206
642,10089.25,218.7,98.84,329.03,0.022430000000000002,0.3199,4.425
643,10409.79,217.51,98.84,329.18,0.02231,0.3164,4.31
644,10528.99,217.7,94.77,327.98,0.021830000000000002,0.3115,4.1819999999999995
645,10820.41,222.02,94.16,335.48,0.02188,0.3162,4.2860000000000005
646,10978.91,222.7,92.93,336.14,0.02223,0.3194,4.238
647,11807.96,233.19,96.4,347.54,0.022930000000000002,0.3217,4.461
648,11467.1,225.94,92.98,335.58,0.02174,0.3112,4.1930000000000005
649,11974.28,225.99,90.54,338.43,0.02164,0.3111,4.227
650,11982.8,221.18,90.13,333.88,0.02195,0.308,4.173
651,11865.21,210.47,84.31,314.83,0.019790000000000002,0.2961,3.906
652,11293.59,206.26,85.24,315.84,0.02037,0.2986,4.063
653,11549.06,216.39,89.9,338.63,0.02076,0.3029,4.199
654,11387.41,211.28,85.78,330.21,0.02076,0.3005,4.131
655,10872.0,208.62,84.56,347.12,0.0205,0.2972,4.075
656,10031.89,186.49,75.79,311.1,0.01772,0.2631,3.6710000000000003
657,10308.51,188.24,76.27,314.39,0.01761,0.2642,3.63
658,10360.43,185.41,74.79,309.26,0.01697,0.2612,3.59
659,10220.75,185.69,72.72,306.77,0.01718,0.2658,3.5610000000000004
660,10326.25,194.77,76.35,316.98,0.01806,0.2836,3.696
661,10922.16,202.43,77.14,325.02,0.01798,0.2823,3.7260000000000004
662,10770.76,196.55,75.08,315.36,0.01762,0.2743,3.676
663,10131.67,187.32,73.1,303.64,0.01684,0.266,3.51
664,10104.11,190.74,73.78,312.18,0.01755,0.2711,3.6430000000000002
665,10410.49,194.64,75.46,315.86,0.01848,0.2775,3.6830000000000003
666,10150.07,191.08,73.34,305.68,0.01817,0.2721,3.667
667,10141.75,186.58,72.15,305.75,0.017769999999999998,0.2699,3.55
668,10364.91,188.46,73.45,311.05,0.01807,0.2702,3.5839999999999996
669,10175.47,187.17,72.75,308.36,0.01778,0.2695,3.556
670,9722.83,173.01,66.81,292.44,0.01614,0.2563,3.2560000000000002
671,9492.81,168.95,63.5,279.86,0.01564,0.2571,3.2030000000000003
672,9587.25,168.52,64.23,278.99,0.01601,0.2556,3.216
673,9624.54,172.15,64.39,279.58,0.01593,0.2586,3.34
674,9768.36,171.42,66.11,281.26,0.015880000000000002,0.2569,3.2710000000000004
675,10387.5,178.76,67.15,293.61,0.01598,0.2616,3.332
676,10625.1,179.13,69.12,300.29,0.01602,0.2632,3.362
677,10585.2,175.01,67.17,294.14,0.01575,0.2589,3.3139999999999996
678,10556.16,174.38,65.7,292.53,0.015080000000000001,0.2565,3.272
679,10309.91,169.47,65.44,286.57,0.01436,0.2518,3.22
680,10491.96,178.32,68.9,300.23,0.01551,0.2605,3.577
681,10420.88,181.67,70.56,306.74,0.01581,0.2627,3.79
682,10314.88,180.84,69.98,304.46,0.0159,0.2588,3.8810000000000002
683,10109.46,180.01,70.78,304.13,0.01587,0.2586,3.781
684,10165.01,178.48,69.84,299.25,0.015030000000000002,0.2554,3.759
685,10428.96,181.19,69.24,300.16,0.015040000000000001,0.2544,3.7510000000000003
686,10372.29,181.56,69.13,298.25,0.015609999999999999,0.256,3.736
687,10365.56,188.9,70.7,304.67,0.01596,0.2622,4.038
688,10313.02,189.48,70.26,303.19,0.01567,0.2608,4.082
689,10271.79,197.85,72.83,307.77,0.01585,0.2615,4.099
690,10198.62,207.9,74.18,318.36,0.01684,0.2859,4.0760000000000005
691,10163.38,210.5,77.77,323.73,0.0181,0.3139,4.088
692,10281.03,221.01,76.92,323.34,0.017769999999999998,0.3016,3.975
693,10176.38,218.26,75.15,315.86,0.01754,0.2939,4.019
694,9988.38,215.1,73.28,311.97,0.018090000000000002,0.2896,4.008
695,10036.98,211.23,72.36,307.65,0.01705,0.2766,3.823
696,9694.6,200.97,66.47,292.15,0.01602,0.2675,3.6910000000000003
697,8542.54,166.47,55.1,222.9,0.01273,0.23399999999999999,2.7689999999999997
698,8446.97,170.22,57.55,227.96,0.013330000000000002,0.2463,2.875
699,8074.99,166.06,55.21,214.26,0.01292,0.2424,2.79
700,8201.36,174.39,56.04,220.16,0.01409,0.2429,2.839
701,8223.65,174.14,55.57,227.24,0.01371,0.2426,2.839
702,8065.26,169.68,54.02,218.28,0.01379,0.2408,2.79
703,8314.62,181.47,56.19,227.45,0.014709999999999999,0.2573,2.978
704,8326.64,176.39,55.83,223.06,0.014209999999999999,0.2486,2.9530000000000003
705,8391.52,181.06,56.52,225.04,0.01459,0.2535,3.0180000000000002
706,8246.3,175.17,56.48,222.01,0.01468,0.2474,2.9339999999999997
707,8168.05,176.21,56.51,221.55,0.01484,0.2534,3.014
708,8172.48,176.9,56.91,222.84,0.01523,0.2543,3.0010000000000003
709,7868.31,170.26,54.57,220.66,0.014730000000000002,0.2556,2.9160000000000004
710,8215.11,180.49,57.64,232.97,0.01648,0.2766,3.1919999999999997
711,8191.87,181.09,57.14,231.7,0.01707,0.2781,3.1710000000000003
712,8593.16,193.43,59.32,238.55,0.016980000000000002,0.2818,3.2539999999999996
713,8596.57,191.73,57.77,229.56,0.01652,0.2713,3.123
714,8278.05,180.94,55.94,220.6,0.01587,0.2679,3.069
715,8316.66,180.09,55.86,224.31,0.016,0.273,3.0789999999999997
716,8296.34,181.37,56.57,223.02,0.01643,0.2779,3.108
717,8363.94,186.96,56.95,228.02,0.01686,0.2978,3.168
718,8173.48,180.74,54.65,222.3,0.01583,0.2885,2.968
719,8014.39,174.76,52.56,217.15,0.01544,0.2838,2.9339999999999997
720,8082.46,177.5,55.0,220.26,0.01565,0.302,2.957
721,7972.62,173.29,53.4,211.97,0.01553,0.2947,2.892
722,7973.63,172.37,53.92,213.15,0.015880000000000002,0.2922,2.889
723,8247.25,175.84,55.02,224.76,0.015880000000000002,0.2948,2.937
724,8223.25,174.64,54.8,232.71,0.01574,0.293,2.938
725,8034.5,171.64,53.51,227.0,0.015569999999999999,0.29100000000000004,2.9019999999999997
726,7479.54,162.72,49.58,210.17,0.0146,0.2738,2.719
727,7444.2,161.07,49.74,212.39,0.0157,0.2769,2.734
728,8671.1,181.79,57.0,259.07,0.01775,0.2988,3.1889999999999996
729,9258.98,180.16,56.9,253.02,0.016630000000000002,0.2948,3.1460000000000004
730,9550.6,184.34,59.94,260.76,0.01927,0.2992,3.344
731,9222.23,182.09,57.87,264.27,0.02009,0.2948,3.2960000000000003
732,9432.86,191.11,59.87,289.2,0.022109999999999998,0.3026,3.412
733,9169.86,183.52,58.03,288.72,0.02005,0.2952,3.28
734,9157.52,182.59,58.43,282.78,0.01984,0.2948,3.266
735,9260.59,183.4,58.4,278.53,0.01984,0.2924,3.36
736,9311.99,183.45,58.43,289.82,0.02002,0.2952,3.333
737,9221.61,181.92,58.42,291.31,0.01984,0.2906,3.279
738,9421.54,186.49,61.5,290.54,0.01991,0.2995,3.457
739,9323.61,188.96,63.21,292.73,0.01999,0.3011,3.6310000000000002
740,9347.27,191.24,64.17,305.42,0.02026,0.3108,3.609
741,9208.52,186.54,61.4,291.9,0.019819999999999997,0.2904,3.47
742,8772.31,183.85,60.4,276.8,0.01899,0.2754,3.411
743,8822.19,185.11,62.11,282.64,0.0194,0.2801,3.4930000000000003
744,9045.85,189.29,63.73,293.08,0.0195,0.2792,3.594
745,8726.31,184.91,61.8,286.64,0.01933,0.2743,3.443
746,8815.14,187.09,61.38,289.05,0.020040000000000002,0.2722,3.4810000000000003
747,8773.82,188.1,60.96,285.35,0.02053,0.2719,3.478
748,8640.42,184.68,58.98,277.68,0.019780000000000002,0.2681,3.398
749,8468.57,180.03,57.58,263.31,0.018940000000000002,0.2607,3.338
750,8498.94,182.61,58.35,265.34,0.01927,0.2625,3.3810000000000002
751,8515.28,184.2,59.28,266.1,0.0193,0.2636,3.404
752,8190.16,178.23,55.86,246.65,0.017480000000000002,0.2518,3.188
753,8133.57,175.96,55.16,241.95,0.01756,0.2541,3.127
754,8093.6,174.68,54.99,243.32,0.017130000000000003,0.2502,3.089
755,7632.59,161.18,50.69,226.12,0.015780000000000002,0.2436,2.8280000000000003
756,7292.2,150.22,47.5,207.4,0.01469,0.2309,2.6319999999999997
757,7339.24,152.42,48.33,215.26,0.015430000000000001,0.2348,2.696
758,6930.09,140.42,44.06,202.63,0.01426,0.2211,2.43
759,7138.23,146.22,45.66,207.59,0.01469,0.2183,2.536
760,7170.11,148.0,47.07,211.24,0.01583,0.2212,2.6289999999999996
761,7531.5,153.05,47.85,219.52,0.01656,0.2246,2.688
762,7442.33,151.31,46.98,217.71,0.01649,0.2238,2.636
763,7769.38,154.94,48.77,224.22,0.01675,0.2307,2.8089999999999997
764,7571.77,152.2,47.42,217.74,0.01605,0.2262,2.765
765,7420.53,151.36,47.62,214.45,0.016640000000000002,0.2255,2.795
766,7320.94,149.36,45.66,213.84,0.015790000000000002,0.2196,2.693
767,7313.64,147.73,44.9,211.72,0.0156,0.2199,2.71
768,7207.78,145.73,44.76,207.66,0.014759999999999999,0.2146,2.637
769,7406.75,148.32,44.93,211.66,0.01492,0.2219,2.698
770,7558.58,149.06,45.49,212.89,0.01518,0.2264,2.745
771,7514.86,147.79,45.31,211.21,0.015040000000000001,0.2282,2.738
772,7539.7,151.06,45.7,212.56,0.01516,0.23,2.759
773,7350.62,147.68,44.55,208.49,0.014830000000000001,0.2245,2.6689999999999996
774,7233.84,145.92,44.19,206.88,0.01429,0.2227,2.614
775,7212.01,143.61,43.72,207.09,0.01436,0.2211,2.5810000000000004
776,7199.39,145.05,43.75,206.67,0.01395,0.2186,2.592
777,7261.72,144.97,44.57,211.53,0.014159999999999999,0.2207,2.6319999999999997
778,7080.29,142.18,43.44,206.13,0.01402,0.2165,2.577
779,7132.39,142.74,43.56,206.98,0.01402,0.2175,2.5780000000000003
780,6897.33,132.68,39.99,196.44,0.013619999999999998,0.2056,2.377
781,6635.84,122.11,37.03,176.55,0.012759999999999999,0.1832,2.206
782,7294.53,133.07,40.86,188.88,0.01384,0.1962,2.467
783,7159.26,128.31,39.76,186.2,0.01341,0.1879,2.4619999999999997
784,7203.41,128.58,40.22,187.4,0.01406,0.1953,2.496
785,7159.47,127.52,39.8,186.25,0.01407,0.1918,2.454
786,7517.58,132.56,42.0,196.47,0.01514,0.1972,2.549
787,7326.6,128.1,40.68,190.11,0.01436,0.1899,2.52
788,7260.91,128.02,40.38,188.44,0.013730000000000001,0.1907,2.549
789,7202.72,125.1,40.09,185.29,0.013880000000000002,0.1885,2.4859999999999998
790,7207.23,125.73,40.02,187.73,0.01425,0.1893,2.524
791,7253.82,126.5,40.99,203.1,0.01344,0.19,2.5780000000000003
792,7316.23,128.21,42.79,206.22,0.01395,0.1931,2.636
793,7399.49,134.55,43.16,212.68,0.01429,0.1968,2.701
794,7234.44,131.41,42.32,208.47,0.013569999999999999,0.1928,2.6319999999999997
795,7183.88,128.91,41.2,204.65,0.013980000000000001,0.1927,2.59
796,7189.94,130.6,41.6,204.37,0.01376,0.1931,2.605
797,6965.72,127.18,39.42,195.54,0.013030000000000002,0.1874,2.4659999999999997
798,7339.7,134.25,42.2,222.05,0.01377,0.1933,2.648
799,7357.5,134.33,42.83,224.6,0.01384,0.193,2.655
800,7359.96,135.44,43.33,223.03,0.013880000000000002,0.1947,2.6910000000000003
801,7762.69,144.28,45.82,244.13,0.01468,0.2234,2.8539999999999996
802,8160.36,143.18,46.38,242.86,0.014530000000000001,0.2138,2.853
803,8045.15,140.66,45.31,240.07,0.014280000000000001,0.2074,2.773
804,7817.35,137.9,44.85,237.99,0.014530000000000001,0.2037,2.7489999999999997
805,8190.31,144.88,49.02,271.68,0.01493,0.2128,2.977
806,8024.58,142.69,49.38,261.31,0.01491,0.2115,2.995
807,8181.49,146.55,51.49,269.94,0.01555,0.2152,3.2110000000000003
808,8106.56,143.7,49.62,267.03,0.01521,0.2115,3.109
809,8820.95,165.86,58.42,349.25,0.01705,0.2348,3.803
810,8813.21,166.22,58.11,340.11,0.01734,0.2335,3.766
811,8719.63,164.09,57.58,327.27,0.01745,0.22899999999999998,3.835
812,8894.83,169.74,60.92,367.65,0.01765,0.2388,3.898
813,8909.28,174.0,59.27,338.44,0.01823,0.2432,3.799
814,8702.59,166.94,57.65,339.43,0.016819999999999998,0.2356,3.611
815,8634.03,166.77,57.15,343.29,0.01678,0.2327,3.613
816,8724.84,169.36,57.59,343.52,0.0174,0.2367,3.655
817,8667.26,167.79,58.17,348.83,0.017519999999999997,0.2369,3.6460000000000004
818,8394.28,162.63,54.45,325.25,0.0163,0.2253,3.574
819,8431.78,162.45,54.38,318.68,0.01684,0.2221,3.634
820,8345.88,160.36,53.27,310.06,0.01649,0.2193,3.497
821,8602.37,167.72,56.19,347.77,0.017230000000000002,0.2308,3.65
822,8898.94,169.95,58.51,362.42,0.01728,0.2304,3.9619999999999997
823,9391.97,176.0,60.66,378.37,0.018690000000000002,0.2396,4.0489999999999995
824,9286.18,173.55,59.68,379.97,0.01867,0.235,3.9619999999999997
825,9501.38,184.47,67.88,393.55,0.01951,0.2433,4.324
826,9342.23,179.76,67.96,374.79,0.01871,0.2391,4.152
827,9384.45,183.66,70.75,380.37,0.01907,0.2412,4.158
828,9334.25,188.39,69.88,377.0,0.01914,0.2509,4.2219999999999995
829,9288.96,189.77,69.65,384.57,0.019280000000000002,0.2544,4.206
830,9171.98,188.44,67.9,380.7,0.0194,0.2661,4.228
831,9611.42,203.85,72.55,445.01,0.02076,0.2778,4.532
832,9755.84,212.88,73.44,445.45,0.02257,0.2828,4.587
833,9808.36,223.14,74.25,439.7,0.0221,0.2791,4.5889999999999995
834,9898.25,223.2,76.65,444.4,0.02182,0.2776,4.76
835,10157.78,228.6,77.02,449.92,0.02201,0.2827,5.007
836,9858.03,223.11,74.09,451.45,0.02221,0.2733,4.897
837,10269.43,237.8,76.83,462.68,0.02281,0.2822,5.263999999999999
838,10347.93,266.13,81.26,474.14,0.02402,0.305,5.336
839,10233.32,268.56,80.53,476.91,0.02391,0.3276,5.359
840,10360.37,285.79,83.22,493.99,0.026369999999999998,0.3363,5.3660000000000005
841,9905.43,264.85,76.67,439.2,0.02361,0.3075,4.747
842,9925.51,259.43,74.84,413.43,0.02235,0.293,4.387
843,9702.48,268.07,73.39,411.24,0.02178,0.2873,4.352
844,10182.6,282.92,77.32,420.12,0.0226,0.2985,4.592
845,9602.43,258.72,70.69,379.17,0.02025,0.2748,3.9760000000000004
846,9608.8,257.7,69.55,372.67,0.02,0.2713,4.003
847,9697.86,265.6,73.4,377.75,0.02034,0.2744,4.05
848,9671.46,262.31,74.94,373.28,0.020319999999999998,0.2754,4.121
849,9977.39,275.64,79.86,403.14,0.021480000000000003,0.284,4.401
850,9664.21,265.74,75.63,378.68,0.019969999999999998,0.2705,4.126
851,9316.18,246.84,70.98,353.03,0.01923,0.2522,4.08
852,8793.5,223.73,60.54,316.96,0.01651,0.22899999999999998,3.537
853,8821.5,227.57,61.74,324.56,0.01711,0.2381,3.616
854,8719.29,227.56,60.06,315.84,0.01736,0.2371,3.5260000000000002
855,8545.45,217.68,58.15,306.19,0.0169,0.2291,3.5210000000000004
856,8549.38,218.02,57.78,312.59,0.01674,0.2273,3.5269999999999997
857,8919.74,232.09,61.48,338.92,0.01797,0.2397,3.7239999999999998
858,8765.68,223.77,61.03,329.6,0.0173,0.2342,3.635
859,8773.78,224.68,60.37,319.55,0.01785,0.2347,3.5989999999999998
860,9074.82,228.7,62.16,337.71,0.01796,0.2395,3.773
861,9160.39,245.76,63.36,350.88,0.0184,0.2452,3.8489999999999998
862,8903.72,237.78,60.58,331.25,0.017130000000000003,0.2367,3.654
863,8057.67,199.68,51.16,273.03,0.01466,0.204,3.05
864,7944.4,203.08,50.6,273.9,0.015119999999999998,0.2095,3.0669999999999997
865,7894.66,200.62,50.17,271.48,0.01511,0.2116,3.077
866,7945.36,194.86,48.62,267.14,0.01496,0.2081,3.0789999999999997
867,4916.78,109.78,30.23,145.39,0.008505,0.1385,1.794
868,5632.58,135.44,37.98,178.18,0.010159999999999999,0.1602,2.123
869,5181.77,122.58,34.47,167.04,0.00978,0.1457,1.9709999999999999
870,5357.02,123.53,36.35,178.73,0.0103,0.1528,2.049
871,5045.0,111.32,33.39,172.57,0.009642,0.1413,1.901
872,5337.66,116.3,34.22,183.23,0.01014,0.1477,1.9780000000000002
873,5413.06,118.62,34.8,184.84,0.01022,0.14800000000000002,2.006
874,6184.88,136.7,39.09,221.92,0.01162,0.1653,2.286
875,6206.44,133.4,38.09,214.89,0.01127,0.1568,2.204
876,6195.43,132.72,38.38,219.89,0.01125,0.1582,2.2769999999999997
877,5828.15,122.44,35.46,202.45,0.01027,0.1478,2.136
878,6503.53,136.74,39.11,221.89,0.01142,0.159,2.296
879,6767.18,139.07,40.7,227.86,0.011470000000000001,0.1629,2.35
880,6694.21,136.28,39.27,220.79,0.01137,0.1621,2.2969999999999997
881,6757.95,138.97,40.58,227.79,0.01188,0.1767,2.331
882,6382.8,131.51,38.17,213.65,0.011179999999999999,0.1728,2.195
883,6252.49,131.34,38.96,214.23,0.01144,0.1759,2.206
884,5882.2,124.55,37.16,205.41,0.01075,0.1627,2.12
885,6403.31,132.31,39.0,220.35,0.01152,0.1716,2.233
886,6423.61,133.17,39.23,218.48,0.01166,0.1738,2.217
887,6663.63,136.05,39.34,223.73,0.01165,0.1755,2.267
888,6804.42,141.59,39.97,231.93,0.01201,0.1785,2.298
889,6743.68,141.45,40.54,236.06,0.01193,0.1798,2.334
890,6875.95,144.49,40.83,238.2,0.012029999999999999,0.1816,2.364
891,6781.64,142.88,40.39,231.15,0.01261,0.1795,2.355
892,7347.22,171.62,45.1,258.33,0.01378,0.1985,2.766
893,7201.57,164.66,44.79,252.65,0.013269999999999999,0.1929,2.636
894,7367.37,173.41,46.58,267.07,0.013730000000000001,0.2023,2.747
895,7294.55,169.92,46.31,256.35,0.01349,0.1983,2.728
896,6876.49,158.12,42.31,233.03,0.01242,0.1878,2.494
897,6887.6,158.67,42.61,233.21,0.01251,0.18899999999999997,2.513
898,6913.76,158.75,42.02,233.35,0.012759999999999999,0.1897,2.502
899,6859.43,156.82,41.32,223.76,0.012629999999999999,0.1882,2.444
900,6879.44,158.6,41.21,222.93,0.01248,0.1862,2.465
901,6629.54,152.85,39.31,215.12,0.01223,0.1805,2.404
902,7114.55,172.58,42.56,235.04,0.013030000000000002,0.1907,2.659
903,7037.12,170.98,42.24,232.21,0.01299,0.1886,2.62
904,7264.29,187.81,44.2,243.85,0.01339,0.1958,2.733
905,7132.88,180.34,42.3,231.73,0.01296,0.1893,2.6039999999999996
906,6842.45,170.6,40.29,219.24,0.01247,0.1819,2.512
907,6855.11,171.0,40.68,219.65,0.01251,0.1838,2.523
908,7135.41,183.04,41.86,233.19,0.01299,0.1882,2.6260000000000003
909,7489.25,185.68,42.99,237.53,0.0136,0.1925,2.681
910,7509.44,187.7,44.53,237.99,0.013940000000000001,0.1931,2.7089999999999996
911,7546.92,194.39,44.41,238.31,0.0139,0.1946,2.701
912,7701.35,197.78,44.61,246.55,0.01425,0.1965,2.7430000000000003
913,7787.41,196.78,44.52,243.03,0.014509999999999999,0.1978,2.745
914,7760.32,196.86,45.79,241.85,0.015309999999999999,0.215,2.7689999999999997
915,8784.96,215.55,48.82,257.79,0.01619,0.2268,3.0039999999999996
916,8637.56,206.27,46.37,250.15,0.0152,0.2116,2.825
917,8829.12,211.98,47.11,254.87,0.01589,0.2179,2.873
918,8981.11,214.15,49.24,261.14,0.016309999999999998,0.2239,2.9419999999999997
919,8907.19,210.06,48.12,251.9,0.016,0.2194,2.839
920,8881.65,206.94,47.08,246.2,0.01626,0.2181,2.772
921,9029.75,205.48,46.56,247.12,0.0159,0.2172,2.77
922,9153.2,199.1,45.01,241.84,0.01556,0.2119,2.656
923,9999.93,212.37,47.44,252.47,0.01616,0.2188,2.764
924,9808.18,211.54,47.75,260.6,0.01626,0.2188,2.753
925,9541.13,210.1,46.98,265.38,0.016130000000000002,0.2165,2.753
926,8735.05,187.84,42.15,233.16,0.0143,0.1975,2.449
927,8568.88,185.88,41.58,235.72,0.013999999999999999,0.1932,2.4019999999999997
928,8821.18,189.9,42.22,233.39,0.01455,0.1972,2.44
929,9317.44,199.85,43.22,239.76,0.015009999999999999,0.2019,2.522
930,9793.19,203.32,44.0,242.64,0.01529,0.204,2.6239999999999997
931,9311.69,194.65,42.74,234.8,0.01487,0.1979,2.585
932,9387.08,200.51,43.25,236.68,0.01496,0.1996,2.6319999999999997
933,9670.56,206.98,43.69,240.69,0.01499,0.2013,2.6210000000000004
934,9722.73,214.73,45.31,248.09,0.015369999999999998,0.2054,2.665
935,9780.2,214.63,45.75,246.93,0.015580000000000002,0.2051,2.654
936,9509.45,209.85,44.21,239.57,0.015,0.2016,2.596
937,9059.11,198.56,42.67,227.98,0.014240000000000001,0.1941,2.459
938,9170.74,207.28,44.22,234.66,0.01487,0.2002,2.594
939,9186.19,206.7,43.86,234.32,0.015009999999999999,0.1989,2.563
940,8718.49,199.78,42.14,223.19,0.01431,0.1928,2.494
941,8901.48,204.1,42.94,230.56,0.014769999999999998,0.1963,2.5269999999999997
942,8844.5,201.03,42.28,228.11,0.014580000000000001,0.1936,2.504
943,9204.62,208.34,43.86,232.78,0.0147,0.1981,2.569
944,9579.71,220.3,44.74,239.65,0.015080000000000001,0.2003,2.613
945,9424.62,220.56,44.47,238.27,0.015,0.1975,2.615
946,9699.78,243.57,47.72,252.36,0.01635,0.207,2.772
947,9450.47,231.73,45.6,238.74,0.01587,0.2024,2.675
948,10211.23,248.21,48.27,253.28,0.01703,0.2111,2.821
949,9523.75,237.81,46.02,250.94,0.01633,0.2032,2.677
950,9666.06,244.56,47.13,253.01,0.01686,0.204,2.695
951,9794.55,243.35,47.46,256.44,0.016880000000000003,0.2044,2.722
952,9622.02,240.08,46.81,256.07,0.01686,0.2026,2.815
953,9671.46,242.08,46.76,253.24,0.01699,0.2037,2.798
954,9750.7,244.75,46.62,253.64,0.01816,0.2033,2.8110000000000004
955,9782.58,246.47,46.46,255.29,0.01794,0.2042,2.787
956,9779.7,244.0,45.91,254.12,0.01754,0.2014,2.753
957,9891.84,248.01,46.69,257.1,0.017580000000000002,0.2029,2.761
958,9268.13,230.21,43.2,234.55,0.01577,0.188,2.516
959,9464.23,237.54,44.71,240.74,0.01642,0.1931,2.5980000000000003
960,9474.65,238.21,45.08,240.69,0.0167,0.1924,2.6039999999999996
961,9333.7,231.61,44.02,237.56,0.01619,0.1901,2.5669999999999997
962,9429.65,230.98,43.77,235.85,0.01614,0.1925,2.533
963,9526.7,235.35,43.89,237.54,0.01616,0.1924,2.5540000000000003
964,9459.13,233.76,44.04,240.19,0.01624,0.1931,2.57
965,9380.67,231.24,43.43,236.15,0.01605,0.1897,2.5380000000000003
966,9301.83,228.71,42.84,233.12,0.01591,0.1871,2.524
967,9359.18,228.89,43.58,232.78,0.01601,0.1879,2.5380000000000003
968,9292.81,227.83,42.99,230.17,0.01587,0.1858,2.516
969,9691.61,243.3,44.33,241.32,0.01637,0.1895,2.59
970,9624.3,243.16,44.16,240.46,0.0165,0.1888,2.572
971,9292.94,234.56,42.6,232.74,0.01595,0.1834,2.501
972,9241.32,232.35,42.32,232.36,0.016,0.1814,2.479
973,9158.07,229.46,43.07,230.66,0.015969999999999998,0.1824,2.481
974,9007.14,220.81,41.07,216.41,0.015609999999999999,0.1751,2.332
975,9120.39,224.99,41.38,222.6,0.015969999999999998,0.1769,2.369
976,9187.07,227.86,41.88,225.23,0.01626,0.1773,2.38
977,9136.47,225.58,41.19,222.22,0.01641,0.1752,2.369
978,9238.89,231.05,41.8,223.81,0.01685,0.1765,2.379
979,9092.8,226.49,41.05,219.72,0.01661,0.1749,2.36
980,9066.46,225.15,41.18,220.79,0.016659999999999998,0.1764,2.419
981,9142.2,229.34,42.13,225.37,0.01685,0.1781,2.461
982,9081.44,228.03,41.64,222.68,0.01697,0.1772,2.411
983,9347.05,241.76,44.07,242.39,0.018080000000000002,0.1889,2.615
984,9257.32,239.35,43.39,237.66,0.017240000000000002,0.1852,2.557
985,9439.2,247.11,45.34,243.36,0.01792,0.2056,2.6830000000000003
986,9238.95,242.08,44.37,238.14,0.01852,0.2026,2.6510000000000002
987,9288.57,241.21,44.29,238.29,0.01818,0.1989,2.6239999999999997
988,9237.13,239.25,44.71,236.63,0.0184,0.2012,2.6210000000000004
989,9300.95,242.84,44.71,237.43,0.01817,0.2012,2.6180000000000003
990,9237.89,239.53,43.92,231.99,0.01756,0.1986,2.5540000000000003
991,9256.07,240.44,43.89,230.12,0.01766,0.19899999999999998,2.56
992,9193.22,238.42,43.28,227.31,0.01755,0.1971,2.539
993,9133.23,233.61,42.08,224.16,0.017169999999999998,0.1943,2.501
994,9156.79,232.77,41.9,222.68,0.01722,0.1945,2.497
995,9177.22,235.84,42.47,224.48,0.01743,0.1998,2.504
996,9216.02,239.22,42.68,227.9,0.01757,0.1996,2.585
997,9164.42,236.16,41.97,222.84,0.01721,0.1948,2.5660000000000003
998,9392.83,245.87,43.81,230.54,0.017419999999999998,0.1996,2.625
999,9537.24,264.32,45.04,240.22,0.01794,0.2039,2.667
1000,9615.21,275.65,44.98,238.62,0.01789,0.2086,2.659
1001,9550.23,279.6,44.18,235.52,0.01796,0.2043,2.6
1002,9708.41,305.67,49.18,250.98,0.01875,0.2149,2.7310000000000003
1003,9942.01,311.47,48.13,247.73,0.01855,0.2154,2.716
1004,11042.94,322.39,53.35,268.98,0.01873,0.2246,2.853
1005,10933.26,317.47,55.85,289.5,0.01914,0.2308,3.0039999999999996
1006,11112.04,318.27,55.22,288.16,0.0192,0.2435,3.0269999999999997
1007,11113.66,335.25,56.78,292.16,0.019209999999999998,0.2445,3.053
1008,11352.72,346.81,58.22,301.2,0.01967,0.2599,3.096
1009,11812.42,387.41,61.71,319.96,0.02049,0.2913,3.307
1010,11063.5,371.93,56.75,283.71,0.01904,0.2878,2.943
1011,11234.73,386.1,58.53,297.12,0.01986,0.3103,3.048
1012,11194.18,389.79,57.63,288.24,0.02036,0.3015,3.035
1013,11752.05,401.12,58.93,293.98,0.0203,0.3027,3.054
1014,11771.27,395.07,59.09,309.11,0.02026,0.3033,3.089
1015,11603.82,379.57,57.21,302.31,0.01985,0.2947,3.01
1016,11770.77,397.56,58.41,304.89,0.02037,0.2953,3.0639999999999996
1017,11686.34,390.28,56.97,300.0,0.020419999999999997,0.28800000000000003,3.03
1018,11897.41,395.84,58.32,302.39,0.021519999999999997,0.2947,3.24
1019,11389.01,378.94,54.12,281.77,0.02015,0.28300000000000003,3.005
1020,11570.19,387.19,54.55,284.86,0.02024,0.2824,3.025
1021,11790.68,424.97,57.19,296.15,0.02232,0.2949,3.141
1022,11774.52,438.51,56.81,293.55,0.02477,0.3004,3.263
1023,11860.91,432.63,59.92,302.37,0.025240000000000002,0.2992,3.719
1024,11917.97,433.85,63.92,308.43,0.02829,0.3046,3.884
1025,12301.19,431.26,67.29,318.03,0.030430000000000002,0.3157,3.781
1026,11956.69,422.38,65.51,303.76,0.0288,0.3027,3.585
1027,11760.37,407.85,62.11,292.58,0.026330000000000003,0.2899,3.3510000000000004
1028,11863.43,416.04,62.82,294.67,0.027460000000000002,0.2924,3.444
1029,11527.35,387.98,59.16,282.72,0.02427,0.2792,3.248
1030,11670.42,395.46,60.25,286.66,0.02512,0.2862,3.367
1031,11651.52,390.72,60.55,284.62,0.02434,0.2849,3.324
1032,11756.4,408.03,62.11,290.89,0.02512,0.2887,3.388
1033,11330.56,383.34,58.44,276.23,0.023180000000000003,0.2767,3.1260000000000003
1034,11466.89,386.02,58.12,274.92,0.023719999999999998,0.2765,3.12
1035,11331.02,383.18,56.1,264.68,0.023030000000000002,0.2646,2.9810000000000003
1036,11535.21,395.54,57.42,268.68,0.02394,0.2719,3.1180000000000003
1037,11480.48,398.79,57.01,268.31,0.02503,0.2741,3.1319999999999997
1038,11716.54,429.04,62.9,279.36,0.02692,0.2831,3.265
1039,11657.81,434.1,60.98,273.8,0.02928,0.2814,3.2110000000000003
1040,11926.69,475.81,62.75,292.03,0.03489,0.2955,3.477
1041,11397.9,439.83,58.1,264.19,0.03458,0.2762,3.1060000000000003
1042,10174.62,382.46,48.37,218.29,0.040510000000000004,0.2449,2.6210000000000004
1043,10467.33,385.91,50.48,230.8,0.03572,0.2545,3.0060000000000002
1044,10167.97,335.24,47.77,225.32,0.029910000000000003,0.2375,2.937
1045,10260.37,352.69,47.93,227.78,0.03155,0.2399,2.905
1046,10379.08,353.7,48.85,228.53,0.03234,0.2422,2.8560000000000003
1047,10128.54,337.45,47.47,222.26,0.03507,0.2366,2.767
1048,10228.85,351.15,47.86,224.16,0.03406,0.2392,2.752
1049,10345.68,368.09,48.71,227.45,0.033030000000000004,0.2432,2.781
1050,10398.5,373.99,48.99,225.4,0.0335,0.2427,2.7880000000000003
1051,10448.0,387.88,50.84,230.17,0.0328,0.2476,2.807
1052,10332.36,366.33,48.15,222.17,0.030619999999999998,0.2422,2.722
1053,10678.31,377.24,49.1,225.85,0.030430000000000002,0.2457,2.7310000000000003
1054,10786.7,364.19,48.32,235.16,0.0279,0.2433,2.708
1055,10957.1,365.19,47.75,230.77,0.026430000000000002,0.2468,2.715
1056,10945.14,389.49,48.88,233.17,0.028030000000000003,0.2523,2.741
1057,10937.89,384.66,48.53,234.06,0.02903,0.2508,2.694
1058,11083.61,385.36,48.51,233.21,0.02777,0.2512,2.7060000000000004
1059,10921.85,371.06,47.11,226.18,0.02696,0.2465,2.6719999999999997
1060,10418.14,340.19,43.19,212.68,0.02494,0.2309,2.5069999999999997
1061,10534.73,344.25,44.5,220.13,0.02497,0.2331,2.574
1062,10238.09,320.19,42.94,207.7,0.024880000000000003,0.2215,2.4419999999999997
1063,10742.98,349.18,44.95,216.24,0.026289999999999997,0.2329,2.535
1064,10694.12,352.02,45.99,216.56,0.02713,0.2415,2.548
1065,10734.23,354.21,46.06,221.48,0.02725,0.2416,2.569
1066,10781.47,357.67,46.09,229.36,0.02658,0.2433,2.591
1067,10699.0,354.01,45.23,225.69,0.026289999999999997,0.24100000000000002,2.5639999999999996
1068,10841.29,359.92,45.7,228.97,0.02632,0.2428,2.602
1069,10779.42,359.86,46.26,228.04,0.02624,0.2418,2.5780000000000003
1070,10622.79,353.09,46.26,228.03,0.02582,0.2381,2.548
1071,10576.64,345.83,44.95,219.74,0.02598,0.2341,2.481
1072,10552.04,346.32,45.56,218.63,0.027180000000000003,0.2329,2.48
1073,10675.52,352.67,46.72,221.05,0.02645,0.248,2.519
1074,10795.11,353.84,46.36,221.69,0.02647,0.2503,2.529
1075,10603.9,340.85,46.01,219.77,0.02557,0.2456,2.696
1076,10672.67,341.91,46.61,223.15,0.02556,0.2488,2.647
1077,10929.4,351.2,47.26,233.93,0.025769999999999998,0.2514,2.61
1078,11058.78,365.41,47.81,237.31,0.026269999999999998,0.2532,2.6460000000000004
1079,11301.57,370.88,48.89,237.36,0.026539999999999998,0.2542,2.642
1080,11375.51,374.4,50.52,239.33,0.026619999999999998,0.2555,2.66
1081,11539.76,386.91,50.62,239.95,0.02715,0.2563,2.647
1082,11427.29,381.41,49.93,253.56,0.026869999999999998,0.2568,2.64
1083,11429.3,379.04,49.84,259.18,0.026789999999999998,0.2493,2.611
1084,11508.31,377.82,49.54,262.22,0.026539999999999998,0.2461,2.5989999999999998
1085,11326.25,365.58,47.62,250.33,0.025789999999999997,0.2402,2.5380000000000003
1086,11367.65,368.53,46.94,245.21,0.025830000000000002,0.2407,2.526
1087,11513.33,378.44,47.58,249.53,0.025939999999999998,0.2423,2.548
1088,11756.88,379.41,48.03,250.0,0.02592,0.2457,2.5839999999999996
1089,11921.78,368.83,46.93,240.98,0.02597,0.2435,2.529
1090,12813.11,391.46,53.14,259.06,0.02678,0.2514,2.612
1091,12990.25,414.5,54.45,268.46,0.02712,0.2575,2.6710000000000003
1092,12937.2,409.57,55.45,270.66,0.02677,0.255,2.642
1093,13126.13,412.52,59.29,276.05,0.027039999999999998,0.2564,2.6630000000000003
1094,13041.21,406.3,58.85,271.46,0.027000000000000003,0.2533,2.7089999999999996
1095,13069.43,393.11,56.88,259.87,0.026860000000000002,0.2484,2.633
1096,13646.02,403.74,57.98,264.76,0.027000000000000003,0.2528,2.6719999999999997
1097,13285.97,388.77,55.86,268.64,0.02694,0.2458,2.655
1098,13462.18,387.54,54.93,267.59,0.026660000000000003,0.2424,2.638
1099,13565.95,382.76,54.06,262.23,0.02567,0.2393,2.51
1100,13803.41,386.76,55.79,262.26,0.025830000000000002,0.2399,2.5269999999999997
