close,high,low,open,volumefrom,volumeto
5726.61,5871.04,5654.8,5764.56,53232.17,305611140.99
6147.52,6295.43,5679.37,5726.61,163055.75,966990808.93
6124.28,6226.18,6018.97,6147.7,78624.31,481600502.95
6451.24,6467.2,6090.83,6124.28,101249.62,637838767.02
6737.78,6738.74,6355.0,6449.1,133191.93,869798619.79
7024.81,7339.91,6737.77,6737.78,238796.19,1663170039.86
7152.12,7445.62,6938.93,7024.81,154886.75,1120978013.29
7363.8,7492.24,6957.84,7146.98,106602.67,773371754.85
7389.55,7599.44,7284.33,7363.8,105727.2,789287755.18
6959.23,7429.7,6934.73,7389.55,159688.48,1148125488.89
7102.75,7222.37,6957.8,6959.27,101044.57,716798409.14
7444.36,7869.1,7026.97,7102.23,220224.38,1632547465.88
7129.59,7457.12,7040.83,7444.36,126769.9,915963933.06
6565.8,7318.97,6406.05,7129.59,222001.18,1513421266.51
6339.86,6821.5,6197.87,6565.8,135719.07,878096915.35
5878.13,6490.53,5493.64,6339.87,269832.87,1629165385.9
6522.45,6760.15,5828.34,5878.09,178340.89,1135256036.03
6597.06,6728.59,6419.18,6522.45,96502.09,634604991.54
7283.22,7330.06,6596.94,6597.06,131120.23,922959468.47
7853.68,7964.64,7119.17,7283.02,133937.8,1010130763.21
7699.95,8000.19,7534.7,7853.68,117347.03,917599923.24
7780.91,7857.52,7458.9,7699.95,74382.12,571121111.0
8042.64,8100.87,7675.41,7781.02,68618.85,541391321.61
8244.69,8294.12,7947.28,8042.64,75703.64,617354329.03
8099.97,8368.36,7819.06,8245.87,115454.28,938345413.24
8234.55,8304.37,8091.63,8099.92,65811.68,539697375.37
8013.41,8266.55,8012.35,8234.5,68010.7,555465146.26
8200.8,8332.94,7900.17,8013.38,72994.63,595710405.8
8754.69,8761.98,8153.7,8203.45,84670.41,718483679.6
9318.42,9474.62,8746.56,8754.62,85891.98,782499976.71
9733.2,9733.61,9316.84,9318.42,106902.79,1025175619.87
9906.04,9969.58,9638.2,9732.63,87754.89,865328615.73
9837.86,11417.84,8938.7,9906.04,233325.32,2418792360.6
9946.76,10689.06,9023.77,9848.05,187008.87,1836210107.31
10861.47,10942.8,9420.93,9947.08,131918.85,1353669597.43
10912.73,11175.23,10715.55,10861.47,86825.51,950474241.58
11246.21,11851.09,10578.43,10912.72,122125.7,1380012064.12
11623.91,11624.63,10917.81,11244.2,93173.9,1057859226.18
11667.13,11901.87,11486.13,11624.37,89687.21,1048839303.8
13749.57,13843.2,11661.76,11667.13,191576.66,2437037791.81
16850.31,16879.26,13401.61,13750.09,297108.66,4510225316.19
16047.61,17294.85,13906.1,16867.98,286762.02,4546014731.58
14843.42,16313.18,13151.47,16048.18,181979.81,2699876215.33
15059.6,15783.2,13031.0,14839.98,201620.09,2904037859.64
16732.47,17399.18,15024.56,15060.45,159724.56,2634267594.52
17083.9,17560.65,16254.53,16733.29,132846.57,2246138895.89
16286.82,17267.96,15669.86,17083.9,155407.35,2576055941.69
16467.91,16941.08,16023.64,16286.82,107918.03,1773813863.46
17604.85,17987.03,16442.2,16467.91,153651.15,2682351213.91
19345.49,19587.7,17318.54,17594.08,112173.97,2078806368.79
19065.71,19870.62,18750.91,19346.6,117408.38,2264650369.71
18972.32,19221.1,18114.42,19065.71,139251.39,2597510049.89
17523.7,19021.97,16812.8,18971.19,174543.37,3136709262.09
16461.97,17813.6,15642.69,17521.73,227676.13,3791752510.78
15632.12,17301.83,14952.98,16461.09,163735.02,2619295475.76
13664.97,15823.72,10875.71,15632.12,466980.6,6245731508.4
14396.46,15493.23,13356.07,13664.97,170169.39,2491903154.48
13789.95,14413.72,12166.45,14396.63,182417.29,2428437693.16
13833.49,14467.43,13010.71,13789.95,107475.98,1487888106.52
15756.56,16094.67,13748.49,13830.19,143135.26,2198577125.17
15416.64,16514.59,14534.66,15757.02,138705.28,2162831128.76
14398.7,15505.51,13466.07,15416.34,170366.63,2425912717.56
14392.57,15109.81,13951.08,14398.45,118874.63,1733583750.2
12531.52,14461.46,11962.09,14392.14,182065.44,2387311023.42
13850.4,14241.82,12359.43,12532.38,111270.55,1492142483.58
13444.88,13921.53,12877.67,13850.49,78425.21,1057521524.42
14754.13,15306.13,12934.16,13444.88,137732.17,1956783037.35
15156.62,15435.01,14579.71,14754.09,106543.39,1604206990.04
15180.08,15408.66,14244.67,15156.49,110968.82,1656714736.62
16954.78,17126.95,14832.36,15180.08,141960.42,2283988962.92
17172.3,17252.85,16286.57,16954.76,83927.99,1412703790.73
16228.16,17184.81,15791.13,17174.5,79006.37,1309532650.11
14976.17,16302.92,13902.31,16228.26,142453.96,2166366561.33
14468.5,15390.28,14221.55,14976.17,99730.65,1486802326.34
14919.49,14919.49,13450.54,14468.09,142303.9,2025083791.13
13308.06,14979.96,12825.95,14920.36,173452.27,2373494121.74
13841.19,14129.08,12851.91,13308.06,102068.02,1402292716.89
14243.12,14595.04,13830.28,13841.19,71300.93,1021352776.21
13638.63,14415.67,13031.91,14244.12,81536.0,1112590573.36
13631.98,14355.82,13416.71,13638.63,84089.84,1170462750.59
11282.49,13648.84,10032.69,13634.6,325702.79,3842651741.45
11162.7,11736.3,9205.38,11282.49,348631.94,3666978316.26
11175.52,12018.43,10642.33,11162.7,204918.02,2357251805.09
11521.76,11780.49,10867.18,11175.52,110885.87,1264875700.45
12783.94,13031.04,11502.11,11521.82,119084.84,1492721765.44
11549.93,12787.35,11101.73,12783.54,130427.64,1552755289.93
10814.52,11913.74,10067.76,11549.98,165723.08,1811992345.95
10858.23,11388.52,9980.5,10814.52,158868.59,1710180828.64
11429.02,11531.6,10506.55,10853.78,115804.82,1286435482.05
11175.87,11741.92,10930.34,11428.11,93317.76,1061064251.44
11104.2,11656.54,10346.86,11175.87,142350.84,1560135332.27
11459.71,11638.69,10879.2,11104.34,90873.81,1031091633.68
11767.74,12064.19,11407.94,11460.39,87917.22,1038153169.8
11233.95,11860.29,11089.52,11767.74,80713.7,920836244.04
10107.26,11263.7,9871.21,11234.32,164072.93,1720894077.2
10226.86,10377.96,9698.13,10107.4,122260.49,1230902973.11
9114.72,10280.84,8726.95,10226.86,208918.8,1964308989.29
8870.82,9147.93,7786.2,9114.73,322596.22,2768759876.15
9251.27,9504.37,8194.68,8872.87,139226.07,1253484523.4
8218.05,9400.99,7889.83,9251.27,164609.06,1413207410.82
6937.08,8391.29,6627.31,8218.05,341828.54,2534149181.03
7701.25,7932.38,5968.36,6936.43,495883.24,3397596513.74
7592.72,8572.68,7208.86,7701.25,271450.37,2159765331.36
8260.69,8643.94,7590.48,7593.78,193040.33,1594673973.51
8696.83,8743.2,7775.36,8259.26,162279.68,1348072086.15
8569.29,9081.49,8176.25,8696.83,155616.78,1348923336.33
8084.61,8573.35,7862.31,8569.32,123293.84,1013771945.88
8911.27,8997.34,8084.41,8084.61,124923.98,1085921871.17
8544.69,8955.15,8379.35,8911.17,98632.88,853320352.71
9485.64,9508.22,8542.98,8544.69,133702.54,1220863360.18
10033.75,10223.58,9363.38,9485.64,168776.78,1666668487.88
10188.73,10303.14,9720.38,10033.75,105556.67,1061827697.26
11097.21,11119.45,10074.07,10188.73,123660.48,1327921168.02
10417.23,11288.34,10161.01,11097.21,154431.22,1659704217.34
11182.28,11265.96,10336.32,10418.12,108244.29,1186535653.61
11256.43,11802.23,11130.95,11182.28,142449.23,1640343867.77
10481.66,11295.58,10256.21,11256.78,183274.25,1982721124.63
9847.96,10941.57,9757.19,10481.66,175506.26,1795951829.82
10175.51,10420.67,9604.0,9847.96,139373.76,1399448203.16
9705.73,10528.0,9396.54,10175.51,125269.68,1244484468.57
9610.11,9873.79,9329.44,9705.73,82430.45,793093192.66
10326.5,10457.51,9411.82,9610.11,117416.47,1181729273.47
10594.76,10879.38,10154.24,10326.5,99772.39,1060840699.02
10334.44,11067.76,10303.14,10594.76,105434.79,1126074675.67
10929.37,11090.3,10247.56,10334.44,88432.44,952472120.03
11043.12,11191.94,10801.45,10929.37,77195.49,852908489.64
11465.36,11530.66,11043.12,11043.12,71279.36,812200126.22
11504.42,11539.79,11084.01,11465.36,61016.39,690727335.55
11440.73,11694.15,11431.55,11503.94,68323.51,791471905.1
10735.45,11441.65,10589.28,11440.33,109876.55,1210081181.36
9928.56,10913.7,9470.73,10735.45,183060.08,1858869115.0
9316.72,10119.21,9086.85,9928.56,154879.22,1492236089.97
9252.76,9433.38,8393.45,9316.77,233598.15,2081621422.7
8797.27,9518.62,8727.43,9252.76,117409.38,1084925795.69
9544.84,9735.64,8484.32,8797.27,149877.66,1374814644.2
9142.15,9907.41,8796.52,9543.98,152959.8,1435404200.39
9160.12,9486.12,8856.65,9142.27,133768.47,1228556284.3
8217.7,9360.66,7966.94,9160.12,161775.05,1385572511.72
8268.41,8432.12,7698.47,8216.22,187365.71,1519850464.55
8283.23,8616.63,7924.11,8267.95,129688.11,1082790136.53
7883.45,8360.64,7765.41,8283.23,111641.32,901939422.97
8215.4,8299.86,7318.46,7882.67,198796.34,1535519444.95
8623.14,8725.6,8129.66,8215.5,171829.52,1447812723.08
8920.71,9056.23,8339.8,8623.14,131959.66,1150462439.42
8911.35,9184.51,8778.69,8920.53,109985.22,991376396.96
8724.98,9107.0,8500.88,8911.37,116522.98,1023286566.15
8934.8,8935.88,8307.58,8724.98,109649.39,939997284.45
8548.06,9036.23,8515.53,8935.51,93296.24,827663165.33
8472.84,8690.36,8395.85,8548.39,76775.64,657643520.26
8152.2,8521.04,7869.27,8472.56,131859.97,1079038734.78
7808.48,8226.24,7752.3,8152.18,116523.1,930754990.52
7959.78,8117.79,7752.6,7808.42,82590.62,657712114.92
7106.62,7983.77,6927.11,7959.78,185805.88,1379180030.3
6853.76,7280.27,6595.26,7106.62,229837.79,1584675343.21
6943.77,7228.4,6806.34,6853.75,129526.48,915400590.57
6835.84,7056.22,6463.54,6943.77,131344.01,889887684.72
7074.6,8218.66,6792.3,6835.58,106513.22,748861435.14
7434.3,7528.97,7039.88,7074.65,122807.02,905326798.64
6815.5,7442.42,6727.09,7434.3,123910.33,877199782.17
6790.45,6933.66,6602.38,6815.5,114426.84,777145174.76
6634.86,6869.53,6526.67,6790.45,90749.16,605651287.47
6917.2,7083.85,6624.47,6634.86,81312.77,564883141.53
7049.92,7132.03,6911.02,6917.2,60386.23,425825572.09
6789.53,7204.28,6633.69,7049.92,130534.03,901883664.92
6871.07,6922.84,6676.72,6789.53,62035.53,424510977.27
6977.13,6999.37,6839.16,6871.07,64802.3,450141340.22
7927.73,8051.95,6791.33,6977.04,197276.82,1490759969.77
7899.11,8237.16,7758.8,7927.73,145665.26,1171435820.59
8022.51,8195.34,7841.19,7898.74,66678.63,537286381.88
8376.73,8437.03,8021.04,8022.51,68822.07,570527804.56
8079.77,8430.93,7929.24,8376.73,87681.75,713471956.84
7921.63,8187.6,7858.12,8079.77,71933.6,580880500.84
8189.96,8246.57,7908.92,7921.65,73050.12,593500791.64
8301.82,8321.01,8136.42,8189.92,72820.98,602099034.89
8877.08,8945.14,8243.49,8301.82,114730.74,979994921.45
8935.72,9047.82,8631.18,8877.15,93635.24,829073400.66
8823.36,9043.98,8788.44,8935.85,68212.83,610183093.43
8968.25,9025.73,8804.2,8823.46,61895.95,553892335.42
9655.77,9741.91,8957.68,8967.86,136352.05,1276464750.74
8873.62,9765.23,8757.06,9657.69,192797.41,1779806222.98
9282.12,9315.13,8669.38,8873.57,111690.32,997427934.62
8938.47,9385.87,8923.48,9289.01,82025.4,758182407.35
9351.47,9435.9,8892.52,8938.47,83347.1,774111704.68
9407.04,9552.67,9189.07,9349.94,68227.03,640931911.37
9248.45,9459.81,9133.6,9407.35,61631.36,574099218.21
9077.28,9251.66,8851.1,9248.25,74147.8,669555436.99
9232.19,9271.62,8993.82,9077.28,57618.44,527488395.49
9745.04,9817.19,9172.28,9232.19,90631.98,857646889.15
9699.61,9785.15,9547.21,9746.26,68689.75,663887678.35
9845.9,9968.85,9687.09,9700.37,68875.75,679872376.4
9644.92,9936.96,9441.93,9846.44,62904.49,608650204.19
9377.81,9662.23,9202.13,9643.99,73842.44,692580062.51
9196.13,9472.09,9063.07,9377.08,72659.12,673924125.29
9321.16,9373.46,8987.27,9196.13,67939.11,625495066.08
9032.22,9393.95,9017.13,9321.52,67915.99,629850604.12
8421.0,9032.27,8363.5,9032.22,134727.27,1176888629.2
8486.67,8653.8,8225.97,8420.82,92805.87,783972252.35
8709.46,8773.96,8350.91,8488.07,61066.94,525395861.86
8672.9,8883.0,8312.72,8709.46,101370.46,874543293.99
8480.16,8848.69,8441.25,8672.88,84517.8,730739738.9
8344.78,8501.65,8119.17,8480.16,95203.5,789660713.22
8071.04,8476.45,8015.77,8342.69,74445.77,615539512.71
8247.91,8280.45,7940.35,8071.04,68665.67,558167598.76
8249.24,8397.27,8160.8,8247.91,45978.21,381458405.45
8533.0,8591.45,8181.46,8249.24,49694.23,418898289.02
8419.65,8585.85,8347.88,8533.22,54602.79,463653636.91
7992.75,8428.6,7962.43,8419.67,66032.52,543342369.36
7505.77,8031.63,7460.66,7992.75,120597.47,934151146.29
7584.74,7729.48,7283.77,7505.77,109709.83,826278113.25
7475.36,7652.37,7347.96,7584.78,84630.56,634474356.99
7355.06,7626.69,7314.71,7475.36,48994.09,368322782.27
7362.23,7420.07,7256.67,7355.06,46446.45,341348321.23
7118.88,7455.55,7092.91,7362.23,72505.5,526854342.95
7474.75,7533.03,7069.01,7118.88,86536.7,634849312.09
7393.02,7571.08,7295.78,7474.75,67797.62,505870974.98
7502.15,7608.87,7349.52,7393.02,60780.47,458223966.12
7530.55,7614.66,7370.27,7501.74,61082.25,458687659.47
7643.26,7697.34,7467.79,7530.55,47435.99,362414878.61
7719.75,7774.96,7606.76,7643.26,42988.84,332313005.46
7503.2,7760.73,7469.21,7719.73,56223.86,427448262.3
7629.4,7672.7,7394.97,7503.32,58424.84,440337235.4
7661.79,7701.35,7504.98,7629.4,51911.42,396116252.65
7700.11,7755.92,7651.13,7661.79,44318.41,342475552.09
7627.52,7709.61,7559.5,7700.4,40500.95,310119047.41
7513.69,7691.74,7495.72,7627.56,28511.04,218013881.09
6773.72,7514.04,6661.98,7513.76,127797.43,895514425.38
6887.37,6913.85,6652.89,6773.72,71169.64,482788065.15
6556.94,6888.33,6462.61,6887.43,75997.29,509372466.34
6310.43,6623.0,6140.63,6556.94,124304.17,797087281.14
6643.26,6719.44,6286.23,6310.43,95038.67,620296377.11
6396.71,6667.23,6380.69,6643.63,57731.42,379228601.07
6503.1,6569.15,6345.99,6396.71,35851.38,232802782.59
6457.78,6585.77,6446.38,6503.1,34359.95,224575526.46
6714.82,6802.03,6401.41,6457.78,65285.57,430241689.13
6741.28,6839.6,6672.2,6714.56,54949.84,370797057.99
6761.27,6817.9,6569.96,6741.28,59674.47,400530201.24
6720.64,6790.08,6687.66,6761.27,43765.89,295690715.67
6051.47,6731.51,5941.32,6720.64,137346.53,862826624.25
6166.54,6257.88,6033.2,6051.47,57011.61,350697378.49
6157.78,6254.02,5782.13,6166.36,110833.06,667479078.32
6260.35,6344.45,6095.25,6157.78,79086.4,492834172.99
6088.39,6286.36,6067.49,6260.4,62925.3,391396653.43
6141.57,6192.11,6021.69,6092.26,62639.82,383457137.86
5871.28,6172.23,5844.26,6141.57,63585.51,385907044.98
6203.8,6286.67,5813.02,5870.81,92884.98,554799001.51
6385.38,6503.33,6194.51,6203.81,65571.19,419284677.69
6339.04,6429.5,6262.72,6385.43,40809.54,259708490.63
6615.66,6673.71,5537.86,6342.69,73069.19,465915661.24
6509.58,6670.3,6473.48,6616.6,54662.02,356390898.98
6590.06,6777.97,6411.13,6508.43,62355.75,412202352.61
6534.81,6691.32,6448.23,6589.77,63771.67,421189063.01
6602.02,6633.44,6458.14,6534.81,47259.68,310759733.14
6758.08,6814.42,6518.23,6602.03,41785.1,277167900.06
6707.38,6782.85,6684.15,6758.08,39671.12,268455446.1
6668.84,6803.1,6625.58,6707.46,48761.43,328316145.78
6306.85,6683.61,6277.23,6668.84,72513.31,470432142.71
6394.36,6405.59,6293.68,6306.87,51054.67,327667754.35
6253.6,6394.93,6084.0,6394.36,65555.38,409078182.65
6229.83,6349.21,6131.54,6253.66,50964.41,319802271.97
6268.75,6332.46,6190.18,6229.61,27713.18,174416786.37
6364.26,6401.5,6245.75,6268.32,34225.9,218543291.78
6740.55,6761.84,6349.83,6364.26,74798.53,494264915.91
7326.7,7476.24,6677.56,6740.54,112707.21,799401451.35
7383.39,7590.65,7253.71,7326.76,105818.71,788460811.94
7477.5,7563.7,7289.9,7383.39,70179.39,522544440.45
7333.93,7676.55,7279.34,7477.1,80874.93,603034414.79
7405.4,7453.07,7220.37,7333.93,40295.77,297440355.21
7398.64,7569.28,7345.25,7405.4,47479.76,355565264.85
7718.0,7798.59,7376.66,7398.64,96722.04,745533303.01
8395.82,8485.71,7692.16,7718.0,143800.43,1166560702.13
8170.23,8481.11,8061.07,8395.81,89988.19,736530740.43
7937.25,8302.24,7862.67,8170.37,78993.93,643953970.45
8182.89,8278.01,7806.25,7937.1,80336.48,646256012.09
8230.87,8238.04,8070.04,8182.88,36136.12,295872316.42
8216.78,8291.55,8123.53,8230.82,34073.43,280233415.98
8176.06,8273.61,7867.44,8216.7,83918.76,681120739.99
7735.3,8176.27,7663.7,8176.08,97152.13,765186307.24
7610.9,7760.74,7449.31,7736.25,78466.58,595404848.88
7542.34,7713.32,7470.86,7610.9,55711.79,424093581.76
7417.6,7542.49,7296.76,7542.34,79126.57,586982505.83
7017.89,7490.89,6940.15,7417.6,74300.44,534002935.97
7042.39,7092.53,6898.31,7017.89,52556.01,368914046.39
6945.78,7160.4,6854.79,7042.57,58545.04,410408444.75
6723.21,7150.86,6685.02,6945.77,82683.83,575690006.27
6285.02,6723.99,6133.03,6723.29,130417.52,838853615.89
6543.24,6631.23,6195.02,6285.06,89588.13,575748446.38
6153.41,6582.14,6025.91,6543.25,100856.92,639457019.98
6242.54,6488.55,6014.26,6152.95,87651.14,545722619.11
6322.92,6483.39,6176.89,6242.53,57916.23,366460108.69
6263.2,6545.02,6157.03,6322.41,71073.56,452431672.68
6199.6,6266.5,5891.87,6263.2,125196.64,759847789.73
6274.22,6620.07,6193.63,6199.63,132926.33,852103141.83
6323.81,6478.07,6217.33,6274.22,71357.92,454679037.36
6591.16,6594.72,6300.45,6323.81,73383.05,477089455.56
6405.71,6622.16,6322.44,6591.18,52093.8,336744293.81
6502.18,6560.88,6330.56,6405.74,39452.94,253984821.8
6269.9,6537.54,6248.39,6502.24,61983.28,397981291.82
6491.11,6506.69,6259.81,6270.09,61753.86,396746063.37
6366.13,6890.79,6264.34,6491.09,116096.61,764005011.18
6538.95,6575.28,6356.96,6366.14,52740.3,340811486.77
6708.96,6736.83,6481.76,6539.13,58037.12,382456858.97
6749.56,6808.89,6684.19,6708.94,38189.09,258296664.16
6720.6,6793.17,6588.48,6749.71,39682.91,265820591.17
6915.73,6944.21,6674.84,6720.6,59984.28,405769271.5
7091.38,7136.71,6877.2,6915.92,69448.01,487789642.0
7052.0,7137.47,6944.76,7091.38,50361.95,356139022.3
6998.76,7072.64,6818.69,7051.61,61266.88,425475685.56
7026.96,7096.73,6903.08,6998.76,49774.38,349131152.81
7203.46,7272.03,7025.58,7026.96,41873.76,300301833.39
7301.26,7384.38,7144.71,7203.46,61424.38,447453370.83
7270.05,7350.58,7204.89,7301.25,42451.23,309327793.27
7369.86,7417.65,7246.76,7270.05,46681.9,343762001.58
6705.03,7401.43,6694.06,7369.89,113370.51,797851163.66
6515.42,6727.19,6295.11,6705.06,127586.04,823309044.3
6411.78,6549.39,6345.48,6515.42,53170.79,344487244.01
6200.16,6480.57,6134.76,6413.12,49719.12,317380272.09
6249.07,6451.25,6161.83,6200.23,38701.0,244400344.41
6324.43,6371.42,6247.64,6249.07,50695.88,320435279.61
6295.54,6415.51,6199.19,6324.43,51401.22,324512939.85
6337.11,6357.89,6208.28,6295.54,52814.83,332537236.17
6492.0,6534.89,6337.08,6337.08,65684.53,425090869.76
6486.01,6591.59,6393.84,6492.17,58029.07,377989402.01
6522.08,6573.19,6473.47,6485.39,31894.67,208349557.0
6502.44,6525.05,6404.31,6522.68,30897.54,200545603.1
6261.48,6538.82,6216.83,6502.44,62738.57,399675966.34
6346.44,6393.39,6238.25,6261.33,55076.95,348485895.37
6398.8,6522.9,6131.02,6346.44,71293.01,452379323.08
6505.9,6551.93,6361.33,6398.83,46802.06,301619960.91
6762.06,6785.22,6501.01,6505.97,85295.46,569642976.25
6716.6,6834.49,6633.01,6762.07,38829.87,261159308.22
6702.7,6768.56,6663.9,6716.6,25143.83,169080003.37
6583.53,6717.6,6557.82,6702.73,48934.13,324660682.66
6437.74,6583.54,6333.21,6583.53,65381.85,420279170.44
6462.6,6543.92,6383.16,6437.74,40752.6,264402806.65
6686.13,6733.94,6434.76,6462.6,52542.0,345096700.08
6635.38,6806.1,6545.41,6686.13,74353.41,497340510.07
6603.75,6635.42,6474.23,6635.4,37296.34,245055396.51
6623.71,6741.96,6543.68,6603.75,26335.14,174302164.09
6594.98,6662.6,6510.54,6623.82,38926.98,256959931.63
6525.47,6618.95,6478.04,6594.98,40624.2,267166277.79
6492.26,6537.07,6428.98,6525.46,47186.0,306385346.59
6579.79,6622.32,6486.86,6492.61,42142.96,277614018.45
6632.87,6683.55,6546.98,6580.0,39731.28,262562344.98
6589.94,6637.08,6563.25,6632.88,24787.61,162722103.98
6601.15,6622.49,6535.02,6589.94,27272.67,179378859.39
6650.07,6698.31,6565.01,6601.46,47216.82,313507433.75
6631.79,6657.0,6589.39,6650.07,32204.25,213976678.23
6581.07,6633.22,6487.86,6631.79,49264.39,323664963.18
6209.47,6581.59,6171.95,6581.07,104258.49,654924117.8
6250.85,6296.56,6173.86,6209.47,46195.91,289840137.45
6267.27,6280.73,6238.92,6252.1,21914.85,137705035.59
6277.73,6346.56,6247.17,6267.27,34130.1,215422888.18
6612.36,7234.83,6244.77,6277.73,177320.05,1190524168.21
6583.05,6724.91,6545.54,6612.69,49191.34,324232509.78
6574.52,6589.2,6511.6,6583.05,33538.55,220418636.64
6488.72,6616.27,6445.05,6576.4,50725.31,331761115.45
6469.28,6503.09,6449.36,6489.37,36599.64,237855085.41
6490.56,6645.2,6395.45,6469.28,19543.75,127185847.78
6509.87,6557.39,6474.47,6490.6,16019.49,105283929.06
6483.23,6531.23,6460.38,6509.87,31239.03,202766914.4
6470.22,6496.2,6438.99,6484.32,34071.62,220913293.6
6476.25,6538.35,6465.73,6470.63,34111.66,222068131.83
6462.77,6497.9,6432.3,6476.52,35706.92,231214963.95
6457.21,6514.0,6441.81,6462.77,33284.54,215447656.36
6470.17,6479.0,6445.95,6457.21,19092.86,124066466.34
6470.74,6483.24,6444.74,6470.17,16806.73,109118160.99
6313.91,6483.39,6282.58,6470.74,53760.53,342463526.52
6309.11,6340.68,6286.3,6314.38,42701.22,269592154.08
6342.61,6391.25,6241.49,6309.11,38823.41,245357244.49
6381.3,6402.59,6322.6,6342.81,31397.71,199861220.45
6394.66,6420.93,6371.57,6381.3,27987.6,179385606.7
6376.32,6398.09,6336.96,6394.65,28808.38,183565304.27
6467.05,6498.16,6351.92,6376.55,27317.02,175805188.92
6433.74,6475.8,6406.69,6467.05,24142.0,155758902.3
6479.72,6482.81,6412.56,6433.53,37162.36,239808254.25
6529.68,6562.79,6476.59,6479.72,55100.44,360052788.55
6446.06,6542.42,6438.27,6530.94,42073.45,273205386.68
6377.99,6457.97,6352.45,6446.06,37086.04,237893036.71
6396.37,6419.92,6376.17,6377.99,14658.42,94313328.59
6408.18,6414.18,6326.38,6396.39,20337.03,130156001.58
6375.08,6435.41,6350.87,6408.18,28338.62,181575610.86
6339.17,6389.43,6315.58,6375.08,35761.27,227689745.72
5741.47,6375.7,5469.93,6339.17,178422.8,1045469380.16
5647.5,5767.06,5300.75,5740.51,147895.07,820864013.96
5586.27,5676.54,5487.87,5647.5,71050.83,397196182.83
5568.94,5602.01,5524.7,5586.97,29517.8,164182152.19
5615.26,5701.35,5567.95,5567.95,41702.04,233409182.46
4809.62,5615.98,4757.01,5615.26,207964.38,1072037780.45
4441.81,4953.56,4168.25,4809.62,315023.21,1433400842.16
4593.04,4689.55,4315.58,4441.81,152286.19,686284917.84
4320.68,4640.72,4297.21,4593.04,83715.43,376852837.57
4343.42,4419.48,4157.19,4320.68,121719.16,521825987.75
3854.11,4432.0,3741.2,4343.42,123090.79,503028289.39
4004.15,4165.93,3550.04,3854.11,213926.98,819869496.19
3784.59,4124.7,3598.81,4004.46,185985.76,715341714.72
3822.99,3878.9,3613.11,3784.77,147999.31,555212127.53
4263.55,4398.57,3822.94,3822.99,175435.76,726808596.57
4286.69,4444.39,4130.68,4263.52,112103.36,479575430.64
4009.67,4331.07,3916.3,4286.85,121993.57,497762735.43
4197.46,4309.65,3942.62,4009.67,67774.58,280927570.31
4143.86,4318.79,4077.67,4197.7,62748.83,262154694.41
3871.41,4159.01,3795.18,4143.86,107400.61,423985399.83
3948.44,4082.68,3770.92,3871.41,94655.27,373361232.89
3737.53,3961.8,3719.19,3948.44,83811.55,320944415.67
3485.18,3883.43,3467.92,3737.53,159523.77,590923562.42
3420.57,3576.11,3248.0,3485.18,206088.47,699930576.16
3461.07,3602.49,3295.21,3420.57,104091.14,357548590.53
3592.84,3718.58,3436.5,3461.07,83347.79,295321498.63
3467.16,3645.49,3416.77,3592.84,81855.33,287119758.11
3401.02,3483.58,3348.98,3467.16,67519.71,230671778.42
3485.59,3545.37,3380.48,3401.02,74415.95,257293632.74
3305.11,3493.76,3272.81,3485.59,84592.04,286236674.73
3235.48,3333.24,3180.97,3305.11,89133.43,290985461.02
3232.51,3271.76,3169.53,3235.48,51317.37,165378769.6
3255.37,3319.83,3227.4,3232.51,45102.51,148182655.41
3548.19,3639.65,3239.06,3255.37,119831.24,412454521.38
3715.85,3727.99,3481.46,3548.19,91609.53,327807644.75
3736.54,3969.7,3693.57,3715.85,163016.15,620695447.39
4137.66,4225.52,3712.82,3736.54,180025.9,724855205.51
3898.81,4247.71,3831.2,4137.66,128508.13,516656937.13
4045.24,4060.34,3849.23,3898.81,63672.55,250085915.72
4007.63,4117.65,3972.39,4045.24,58294.45,235997621.23
4081.95,4303.37,4006.6,4007.63,109869.44,459290147.24
3834.73,4094.61,3734.85,4081.95,95683.55,367200910.64
3848.78,3923.93,3746.86,3834.73,68965.06,263439573.84
3646.09,3888.92,3622.39,3848.78,81652.77,305729129.14
3947.86,4007.71,3628.43,3646.09,92882.41,353705007.17
3797.06,4004.14,3774.38,3947.86,54702.16,214891355.42
3896.21,3925.18,3760.8,3797.06,49797.04,191958416.81
3747.39,3904.28,3701.48,3896.21,54221.49,206190463.74
3880.15,3938.75,3696.94,3747.39,45104.29,170598307.96
3961.01,3989.59,3826.29,3880.15,54034.73,210854603.84
3835.86,3965.52,3778.76,3961.01,45585.19,176488072.06
3874.06,3901.65,3783.88,3835.86,44398.9,170507611.15
3855.39,3926.92,3841.13,3874.06,35766.65,139438510.18
4102.85,4145.16,3829.09,3855.39,58878.99,236298043.75
4050.4,4132.62,4001.35,4102.85,51541.23,209289368.14
4040.75,4156.16,3990.34,4050.4,65973.5,268091045.44
4048.34,4092.91,4013.0,4040.75,55130.13,223639028.92
3668.15,4085.09,3631.07,4048.34,108277.01,412522198.13
3669.2,3729.69,3616.41,3668.15,63070.18,231465488.1
3664.38,3692.12,3611.2,3669.2,28343.28,103912541.38
3551.24,3675.2,3528.24,3664.38,45682.73,164125048.97
3703.9,3748.88,3544.53,3551.24,56099.99,204793029.92
3621.24,3724.3,3590.49,3703.9,54154.65,198582447.53
3643.99,3704.37,3611.38,3621.24,53843.55,196211595.54
3685.3,3695.28,3586.92,3643.99,46181.32,168287506.1
3648.05,3685.39,3620.44,3685.3,32418.99,118317804.97
3729.78,3799.62,3643.01,3648.05,38341.35,143238228.4
3567.73,3754.65,3529.25,3729.78,49198.37,177628515.93
3571.92,3599.83,3535.19,3567.73,36101.4,129000924.6
3602.04,3635.69,3473.77,3571.92,53586.91,191355241.84
3572.05,3631.15,3543.96,3602.04,37910.4,135864247.56
3598.52,3616.33,3546.5,3572.05,31630.57,113155246.95
3582.89,3607.43,3539.41,3598.52,32679.69,116674680.78
3596.5,3676.4,3578.62,3582.89,29201.1,105927045.55
3565.08,3605.99,3511.29,3596.5,26261.48,93766117.67
3453.42,3567.56,3402.56,3565.08,59700.11,206309738.62
3418.25,3463.2,3369.19,3453.42,46304.1,158106687.0
3467.21,3488.91,3395.94,3418.25,42399.63,146422486.1
3434.13,3499.78,3422.83,3467.21,37365.7,128773893.15
3461.63,3478.55,3398.96,3434.13,41976.43,144476056.44
3508.68,3519.14,3441.21,3461.63,27103.48,94144187.11
3449.62,3514.43,3424.42,3508.68,23044.88,79591219.11
3431.24,3470.8,3429.21,3449.62,23959.61,82280894.52
3447.66,3447.88,3415.67,3431.24,24459.49,84042727.18
3394.89,3459.33,3362.24,3447.66,44281.79,150408587.85
3375.33,3406.54,3369.1,3394.89,28811.35,97390901.92
3660.03,3735.1,3363.32,3375.33,89444.22,317023029.42
3652.26,3673.71,3616.11,3660.03,25880.75,94200588.34
3685.14,3689.32,3611.46,3652.26,30046.26,109365095.98
3611.34,3688.59,3608.18,3685.14,40461.58,146354074.39
3617.41,3648.67,3574.22,3611.34,45717.05,164816438.53
3605.87,3655.89,3590.01,3617.41,40664.15,146822348.57
3588.72,3619.7,3567.39,3605.87,32779.35,117804856.32
3593.49,3640.65,3575.95,3588.72,36251.38,130398989.33
3617.24,3639.75,3592.04,3593.49,24003.59,86973822.79
3670.92,3706.17,3608.18,3617.24,36849.32,134218331.16
3912.57,3952.44,3661.42,3670.92,98728.99,376203280.43
3924.24,4010.91,3882.52,3912.57,74127.62,292137057.43
3974.05,3992.31,3898.91,3924.24,53048.95,209282292.49
3937.04,4026.54,3900.28,3974.05,47433.87,187314178.85
3983.53,3996.15,3917.66,3937.04,43006.55,170405341.81
4149.09,4192.39,3948.48,3983.53,57002.5,231174632.28
3771.62,4221.62,3755.38,4149.09,80391.72,319071544.94
3845.51,3885.06,3771.53,3771.62,48406.42,185036583.31
3817.88,3852.66,3791.9,3845.51,33253.08,126868886.89
3830.72,3851.84,3699.53,3817.88,46011.1,175069054.72
3823.37,3909.86,3798.0,3830.72,44353.45,170646670.66
3831.48,3866.12,3822.67,3823.37,26522.34,101774924.71
3842.94,3846.38,3790.74,3831.48,19283.71,73894412.97
3812.31,3853.28,3788.04,3842.94,16769.86,64065044.79
3731.28,3831.01,3705.14,3812.31,39278.22,147245676.28
3874.18,3893.52,3720.49,3731.28,43262.3,165062256.27
3874.98,3916.29,3839.39,3874.18,33536.95,129520549.49
3882.61,3911.76,3853.2,3874.98,37619.38,146201726.67
3868.02,3932.02,3804.98,3882.61,39428.25,153405087.61
3947.74,3975.25,3860.66,3868.02,27600.01,108370246.04
3929.84,3948.21,3897.82,3947.74,17404.16,68252920.53
3874.89,3941.99,3849.45,3929.84,32708.55,126998648.6
3888.57,3904.7,3827.23,3874.89,33655.37,130291591.54
3878.44,3898.25,3853.06,3888.57,27922.69,108286926.77
3881.44,3922.21,3825.03,3878.44,34554.38,133931876.12
3927.08,3935.1,3876.17,3881.44,32133.02,125588541.02
4027.01,4069.11,3924.98,3927.08,41319.81,166216280.52
3998.0,4030.38,3970.97,4027.01,17033.6,68146133.16
3988.85,4038.99,3964.31,3998.0,27416.92,109428478.54
4024.14,4032.04,3972.47,3988.85,29686.2,118919147.36
4056.75,4064.95,3995.49,4024.14,36862.09,148490744.9
3996.93,4082.29,3953.53,4056.75,44251.52,178077036.22
4000.84,4018.21,3984.0,3996.93,22671.75,90726555.79
4007.21,4019.36,3982.47,4000.84,18486.22,74094017.72
3994.11,4010.3,3970.35,4007.21,16111.98,64375076.75
3924.55,4005.29,3887.68,3994.11,34191.84,136398998.18
3942.22,3943.2,3902.52,3924.55,23873.14,93805733.55
4045.98,4054.32,3932.79,3942.22,37132.4,149005782.26
4036.45,4046.44,4014.69,4045.98,25343.13,102296341.19
4111.38,4122.89,4031.22,4036.45,41843.31,170915132.77
4118.13,4146.88,4066.87,4111.38,24906.26,102400533.82
4112.69,4129.43,4098.79,4118.13,13792.73,56727425.19
4151.32,4164.33,4082.2,4112.69,36921.55,152826759.02
4906.93,5104.42,4147.7,4151.32,172473.31,814748125.73
4976.59,5335.7,4831.59,4906.93,159843.43,809158339.99
4913.36,5071.98,4799.77,4976.59,74544.88,370109007.61
5047.23,5074.13,4897.61,4913.36,56130.82,280722247.3
5057.25,5240.19,4938.0,5047.23,54180.91,275839573.8
5201.16,5266.04,5044.28,5057.25,47200.43,243329883.48
5294.09,5347.88,5141.23,5201.16,69803.56,366577921.18
5201.3,5294.09,5159.13,5294.09,48552.25,253577595.39
5318.6,5460.94,5178.61,5201.3,65813.81,349643837.46
5048.56,5343.66,4987.65,5318.6,69622.86,356811374.12
5081.5,5118.61,4927.62,5048.56,43762.94,220667543.59
5080.66,5128.96,5056.19,5081.5,23342.24,118956124.9
5165.59,5186.82,5031.2,5080.66,21193.03,108148233.81
5037.27,5195.31,4969.31,5165.59,40402.46,205867031.18
5212.81,5232.03,5029.16,5037.27,40370.0,207311534.31
5236.26,5270.76,5190.81,5212.81,37225.68,194699629.15
5289.75,5317.78,5232.99,5236.26,35511.12,187312150.44
5295.53,5353.01,5212.18,5289.75,30109.97,158699049.55
5326.18,5366.6,5274.45,5295.53,23214.49,123577001.56
5305.74,5348.59,5232.77,5326.18,25466.81,134681237.4
5394.67,5444.76,5265.73,5305.74,45346.65,242498187.66
5539.1,5626.83,5371.31,5394.67,66448.85,368556751.66
5454.58,5633.0,5390.98,5539.1,61651.16,339093001.24
5162.67,5521.61,5031.69,5454.58,70755.72,374798664.87
5234.09,5361.94,5104.18,5162.67,70191.21,366773360.18
5229.48,5282.97,5192.45,5234.09,21692.98,113430273.96
5272.45,5313.7,5218.42,5233.47,25294.87,133564683.52
5237.96,5299.51,5162.81,5272.45,31947.44,167206787.27
5350.64,5372.23,5224.64,5237.96,32567.46,172540196.26
5389.54,5417.17,5346.7,5350.64,27410.57,147345369.73
5500.72,5531.15,5387.29,5389.54,35089.37,192256639.91
5753.38,5891.9,5484.78,5500.72,75434.86,432335283.61
5840.08,5901.36,5596.15,5753.38,45628.34,263390273.68
5794.14,5849.5,5709.74,5840.08,25481.48,147662500.76
5748.17,5823.67,5644.15,5794.14,34979.71,200316185.51
5819.57,6031.54,5748.17,5748.17,59556.89,353043890.95
5998.71,6032.25,5753.08,5819.57,40967.62,241917027.36
6171.96,6194.91,5988.65,5998.71,51005.27,310336580.16
6358.29,6444.57,6133.21,6171.96,68160.13,430403405.14
7191.36,7394.94,6357.02,6358.29,135248.42,933141315.95
6977.63,7541.61,6793.21,7191.36,142892.25,1023203366.46
7806.36,8127.75,6873.42,6977.63,149082.57,1140302646.6
7980.13,8297.02,7631.34,7806.36,122383.06,976094121.29
8183.83,8263.29,7849.92,7980.13,86162.62,694202804.31
7874.11,8352.25,7679.05,8183.83,95341.68,762104107.69
7371.96,7930.98,6668.67,7874.11,141482.93,1023961962.83
7266.08,7491.67,7213.72,7371.96,41327.89,303317486.98
8193.14,8281.66,7257.26,7266.08,91218.12,723011166.2
7998.29,8193.14,7591.85,8193.14,80672.83,637617163.27
7947.93,8102.32,7807.77,7998.29,45005.01,357803946.85
7626.89,8033.76,7533.66,7947.93,54216.74,424501866.33
7876.5,7971.26,7478.74,7626.89,50121.07,386766321.19
7996.4,8165.45,7801.57,7876.5,51604.15,413162746.86
8059.13,8140.82,7948.68,7996.4,22294.65,179206342.03
8726.23,8779.0,7894.53,8059.13,57648.95,483663699.62
8785.17,8931.53,8668.46,8726.23,57692.17,507164714.76
8718.85,8818.71,8562.2,8785.17,41445.13,360752199.95
8664.56,8760.48,8444.1,8718.85,44056.71,380343928.72
8276.25,9065.89,8027.21,8664.56,95189.06,815525590.67
8550.67,8570.78,8116.0,8276.25,60143.23,502056527.56
8555.87,8619.21,8459.65,8550.67,26884.15,229736992.43
8737.91,8819.9,8547.48,8555.87,25506.14,221708083.06
8114.49,8740.24,8073.18,8737.91,63486.15,534972187.72
7677.47,8114.49,7463.94,8114.49,103552.9,809220381.24
7791.29,7917.14,7591.88,7677.47,49771.65,387021977.02
7807.36,7872.1,7467.52,7791.29,44397.47,342084400.02
8002.63,8127.63,7767.37,7807.36,51105.14,407241297.23
7933.78,8058.91,7796.46,8002.63,23469.94,186055499.51
7643.44,7964.75,7535.9,7933.78,30301.73,234551796.21
8021.0,8061.5,7533.53,7643.44,43154.98,339520552.04
7917.32,8049.78,7724.58,8021.0,35850.45,282632009.38
8174.14,8250.0,7834.57,7917.32,49460.34,399065678.38
8235.57,8326.2,8053.65,8174.14,38536.25,315594036.87
8693.96,8724.42,8180.39,8235.57,50383.98,424131990.84
8853.56,8905.14,8621.48,8693.96,38140.15,333656492.38
8979.18,9372.89,8800.96,8853.56,84289.2,767025702.52
9336.01,9468.85,8976.99,8979.18,65486.04,606269265.79
9081.71,9357.22,8941.83,9336.01,51829.13,473016555.83
9280.54,9313.18,9045.47,9081.71,32012.68,293070485.25
9536.85,9600.28,9219.81,9280.54,45144.43,424436854.57
10218.87,10230.86,9536.85,9536.85,77828.7,765543626.6
10689.54,11207.97,10086.32,10218.87,115793.98,1240328392.49
10855.99,11285.51,10513.81,10689.54,57082.02,619160985.99
11035.74,11100.92,10555.71,10855.99,52118.36,565444720.43
11740.34,11778.22,10992.37,11035.74,84123.73,953962631.15
12913.28,13826.76,11679.1,11740.34,211449.88,2685872365.1
11154.09,13314.05,10335.34,12913.28,202428.68,2345027203.81
12355.06,12433.0,10772.75,11154.09,120700.97,1408438810.31
11884.1,12362.9,11352.27,12355.06,81875.16,968516834.6
10769.05,12200.02,10677.83,11884.1,80893.36,917158052.37
10591.87,11207.0,10006.43,10769.05,115739.97,1225129699.57
10844.13,10927.6,9678.1,10591.87,120994.95,1239524970.43
11981.61,12009.59,10841.91,10844.13,115565.16,1313585829.89
11156.52,12055.11,11067.68,11981.61,71141.03,831236841.56
10993.25,11435.38,10787.94,11156.52,66066.75,734424868.07
11248.94,11709.27,10985.4,10993.25,48172.2,549769169.13
11474.28,11605.43,11109.42,11248.94,36847.21,418161890.29
12296.16,12386.28,11339.02,11474.28,63847.27,762033323.29
12567.02,12808.06,12117.31,12296.16,79607.47,993891866.34
12099.12,13183.73,11569.94,12567.02,124523.09,1554955347.89
11343.12,12099.91,11002.39,12099.12,102929.11,1185222449.66
11797.37,11931.91,11096.61,11343.12,55994.89,647690095.15
11363.97,11835.87,10827.53,11797.37,59187.84,668325183.28
10204.41,11447.92,10118.85,11363.97,76310.21,814667763.32
10850.26,11070.18,9877.02,10204.41,92742.77,965178341.63
9423.44,11025.76,9366.82,10850.26,113537.84,1140137759.72
9696.15,9982.24,9086.51,9423.44,101032.08,965256823.84
10638.35,10776.54,9292.61,9696.15,102443.07,1033842556.65
10532.94,10757.41,10135.16,10638.35,62995.33,658190962.53
10759.42,11094.32,10379.19,10532.94,56766.57,608954333.23
10586.71,10833.99,10329.89,10759.42,38379.41,405339891.1
10325.87,10676.6,10072.07,10586.71,50574.02,524442852.25
9854.15,10328.44,9820.61,10325.87,52754.02,529438124.08
9772.14,9920.54,9535.78,9854.15,54750.78,531611909.42
9882.43,10184.43,9744.7,9772.14,40285.56,403576364.36
9847.45,9890.05,9668.52,9882.43,31960.31,312717110.04
9478.32,10202.95,9310.47,9847.45,53081.42,512612117.07
9531.77,9591.52,9135.64,9478.32,28313.55,267243770.14
9506.93,9717.69,9386.9,9531.77,31434.4,299936368.39
9595.52,9749.53,9391.78,9506.93,28856.19,276402322.56
10089.25,10123.94,9581.6,9595.52,42030.01,416343142.53
10409.79,10488.81,9890.49,10089.25,43505.11,442037342.05
10528.99,10666.64,10340.82,10409.79,44213.09,463688251.79
10820.41,10915.0,10509.35,10528.99,34102.93,367536516.75
10978.91,11074.95,10572.24,10820.41,39795.33,431699306.35
11807.96,11945.38,10978.89,10978.91,74748.53,870917186.96
11467.1,12316.85,11224.1,11807.96,80694.71,949534020.01
11974.28,12138.55,11393.98,11467.1,70893.9,834719365.81
11982.8,12042.87,11498.04,11974.28,49871.24,588463519.89
11865.21,12027.57,11674.06,11982.8,39230.82,464214586.73
11293.59,11971.35,11232.42,11865.21,40869.27,470049694.45
11549.06,11584.35,11119.32,11293.59,25734.51,292814721.19
11387.41,11554.74,11240.38,11549.06,20181.72,229908138.9
10872.0,11439.48,10765.3,11387.41,43742.98,483240069.77
10031.89,10873.44,9924.58,10872.0,70125.86,728247545.72
10308.51,10451.61,9497.12,10031.89,84438.15,842979140.9
10360.43,10544.97,9764.32,10308.51,62357.48,635040831.46
10220.75,10474.64,10010.76,10360.43,24470.79,251018339.59
10326.25,10512.89,10079.46,10220.75,21614.15,223456175.83
10922.16,10937.26,10278.31,10326.25,39936.81,426168059.98
10770.76,10956.06,10576.37,10922.16,30891.56,332208752.04
10131.67,10805.7,9870.07,10770.76,57446.51,584554031.67
10104.11,10231.99,9777.06,10131.67,38005.1,380411207.72
10410.49,10468.14,10053.67,10104.11,31466.97,324471966.33
10150.07,10430.99,9911.2,10410.49,28068.47,283755017.73
10141.75,10353.95,9907.03,10150.07,25686.72,259448931.12
10364.91,10626.93,10141.75,10141.75,42155.28,437989368.7
10175.47,10381.92,10038.26,10364.91,26481.68,269489962.47
9722.83,10281.59,9600.83,10175.47,49145.33,486936428.33
9492.81,9724.52,9344.69,9722.83,42711.51,406305621.25
9587.25,9699.85,9368.27,9492.81,28941.49,276606372.89
9624.54,9714.11,9512.03,9587.25,15427.47,148320616.41
9768.36,9823.53,9578.66,9624.54,15485.86,149995549.7
10387.5,10459.0,9764.76,9768.36,42504.5,429220162.8
10625.1,10773.27,10296.3,10387.5,52101.71,550564712.84
10585.2,10827.14,10392.88,10625.1,41229.09,436210232.43
10556.16,10659.6,10475.88,10585.2,23957.29,253210793.56
10309.91,10938.39,10228.17,10556.16,54409.77,577987384.8
10491.96,10574.99,10304.22,10309.91,18864.32,197436363.34
10420.88,10595.71,10286.85,10491.96,18990.22,198370974.82
10314.88,10514.59,10101.87,10420.88,33044.44,340516851.61
10109.46,10395.1,9966.94,10314.88,26197.16,266382297.99
10165.01,10251.97,9874.13,10109.46,28189.47,283998084.25
10428.96,10472.07,10057.09,10165.01,26821.06,275877681.63
10372.29,10591.45,9855.34,10428.96,24372.25,251594742.18
10365.56,10455.38,10251.96,10372.29,15570.76,161565882.04
10313.02,10401.53,10279.58,10365.56,11651.76,120645589.34
10271.79,10411.06,10103.87,10313.02,27381.87,280632567.99
10198.62,10297.99,10152.47,10271.79,21680.68,221966422.11
10163.38,10272.19,10100.9,10198.62,21739.97,221697128.61
10281.03,10368.46,9641.11,10163.38,45685.81,456963432.6
10176.38,10321.18,10065.55,10281.03,20930.03,213229233.56
9988.38,10187.64,9944.61,10176.38,17868.39,179453539.43
10036.98,10096.66,9871.97,9988.38,17799.44,178007946.58
9694.6,10073.79,9636.2,10036.98,33287.92,327752087.22
8542.54,9787.58,8107.01,9694.6,121811.28,1084866143.86
8446.97,8752.2,8246.24,8542.54,74724.79,631898763.59
8074.99,8471.02,7753.71,8446.97,80375.17,652614929.72
8201.36,8304.22,7888.5,8074.99,48376.65,390323710.89
8223.65,8345.03,8044.45,8201.36,29802.19,244186983.17
8065.26,8265.99,7943.33,8223.65,28053.51,226712656.15
8314.62,8372.24,7736.96,8065.26,50440.1,407250929.38
8326.64,8537.6,8212.01,8314.62,42368.0,355446344.41
8391.52,8403.51,8186.3,8326.64,24785.21,205325219.19
8246.3,8434.63,8105.02,8391.52,30435.91,250685863.87
8168.05,8267.11,8021.3,8246.3,26268.19,214500278.91
8172.48,8232.25,8052.51,8168.05,17371.63,141685742.42
7868.31,8221.03,7822.65,8172.48,30026.91,239636660.01
8215.11,8326.01,7798.09,7868.31,39653.14,321239400.73
8191.87,8354.19,8126.71,8215.11,21060.16,173334218.05
8593.16,8697.56,8132.74,8191.87,47097.59,398201725.27
8596.57,8672.58,8466.13,8593.16,29187.08,250267419.87
8278.05,8834.11,8259.77,8596.57,38612.05,326882172.42
8316.66,8439.44,8272.12,8278.05,11037.58,92609964.73
8296.34,8498.59,8194.16,8316.66,20190.99,168896951.15
8363.94,8414.24,8228.06,8296.34,17507.78,146015532.85
8173.48,8439.31,8116.92,8363.94,24899.11,205674618.32
8014.39,8193.41,7945.77,8173.48,34102.92,274670310.13
8082.46,8145.5,7948.95,8014.39,21657.02,175172893.7
7972.62,8157.36,7850.66,8082.46,27732.54,221065928.44
7973.63,8108.69,7919.05,7972.62,17875.39,143202359.39
8247.25,8326.13,7911.49,7973.63,25287.68,205394286.06
8223.25,8359.52,8177.11,8247.25,22831.65,188511539.86
8034.5,8318.41,8021.36,8223.25,24453.79,200593851.39
7479.54,8071.8,7336.06,8034.5,60122.39,457672451.42
7444.2,7524.31,7370.13,7479.54,28580.18,213663114.76
8671.1,8783.85,7431.2,7444.2,79777.72,656574822.36
9258.98,10380.48,8654.84,8671.1,154648.62,1457875080.4
9550.6,9805.42,9114.58,9258.98,64673.13,614726341.04
9222.23,9934.71,9201.49,9550.6,54907.49,522287119.66
9432.86,9565.11,9099.36,9222.23,40284.46,377872980.92
9169.86,9441.8,9018.3,9432.86,34376.01,315824657.23
9157.52,9423.16,8972.0,9169.86,35891.86,329788397.17
9260.59,9308.62,9072.62,9157.52,27365.39,251360754.52
9311.99,9400.44,9223.46,9260.59,17135.45,159847329.63
9221.61,9396.1,9108.22,9311.99,15670.3,144662760.99
9421.54,9578.74,9141.0,9221.61,29435.09,275923701.7
9323.61,9495.36,9196.64,9421.54,24971.55,233491267.4
9347.27,9455.53,9269.82,9323.61,22338.76,208985449.5
9208.52,9382.63,9114.14,9347.27,21322.07,196879610.6
8772.31,9263.83,8682.74,9208.52,41674.91,371135404.96
8822.19,8881.08,8732.62,8772.31,13145.33,116025279.26
9045.85,9126.98,8767.94,8822.19,18134.09,162649216.87
8726.31,9084.49,8619.78,9045.85,25750.4,226035620.33
8815.14,8868.85,8576.09,8726.31,22305.54,194901130.1
8773.82,8840.33,8721.68,8815.14,15828.57,138900524.48
8640.42,8811.04,8584.92,8773.82,18999.7,164630654.03
8468.57,8773.4,8393.29,8640.42,31281.14,267441968.16
8498.94,8539.42,8442.03,8468.57,9355.13,79597461.02
8515.28,8641.12,8411.3,8498.94,14296.75,122271717.68
8190.16,8537.87,8075.63,8515.28,30048.32,250358969.38
8133.57,8215.95,8016.54,8190.16,24402.6,198180594.35
8093.6,8232.23,8047.73,8133.57,18105.11,147086043.41
7632.59,8133.73,7437.33,8093.6,45760.44,354377783.29
7292.2,7721.9,6815.03,7632.59,94065.31,680349857.19
7339.24,7368.18,7119.41,7292.2,25474.86,185099411.4
6930.09,7364.59,6888.89,7339.24,35108.24,249710266.27
7138.23,7386.06,6560.13,6930.09,85742.76,596056755.83
7170.11,7350.44,7042.5,7138.23,36264.64,259675008.66
7531.5,7681.51,6873.1,7170.11,66406.48,485895588.26
7442.33,7663.45,7388.79,7531.5,29886.7,225350756.08
7769.38,7872.17,7425.49,7442.33,37243.54,285280637.6
7571.77,7821.01,7487.1,7769.38,24778.5,189533166.63
7420.53,7575.5,7261.95,7571.77,30676.77,226245528.68
7320.94,7442.62,7193.09,7420.53,25163.31,184009273.35
7313.64,7420.34,7260.93,7320.94,18521.73,135997337.7
7207.78,7764.68,7110.76,7313.64,49046.2,360525572.37
7406.75,7492.96,7175.85,7207.78,30054.36,220875659.79
7558.58,7607.79,7323.86,7406.75,28169.83,209851296.57
7514.86,7640.51,7503.1,7558.58,14093.87,106572219.77
7539.7,7594.8,7414.51,7514.86,15949.09,120000308.79
7350.62,7667.04,7296.42,7539.7,35089.72,262161330.42
7233.84,7403.64,7176.42,7350.62,23348.59,170419385.84
7212.01,7284.74,7167.13,7233.84,19799.94,143267855.45
7199.39,7307.96,7105.35,7212.01,28003.83,201666958.32
7261.72,7308.08,7199.39,7199.39,18725.31,135777984.61
7080.29,7283.78,7033.14,7261.72,15624.21,111796861.42
7132.39,7204.93,7030.37,7080.29,15972.7,113742866.17
6897.33,7172.46,6869.19,7132.39,39619.58,278223344.11
6635.84,6948.12,6585.46,6897.33,46023.51,310739632.42
7294.53,7442.26,6450.69,6635.84,71573.09,491429584.47
7159.26,7376.98,7057.66,7294.53,34799.1,249541907.16
7203.41,7234.56,7094.06,7159.26,23556.25,168963964.55
7159.47,7213.86,7132.82,7203.41,12101.12,86864836.52
7517.58,7527.4,7143.17,7159.47,27325.26,200586646.53
7326.6,7694.65,7275.28,7517.58,44770.93,336425000.06
7260.91,7429.42,7175.5,7326.6,27770.75,203013413.87
7202.72,7280.52,7132.3,7260.91,15012.21,108513256.34
7207.23,7442.21,7167.44,7202.72,23254.3,169067214.27
7253.82,7267.46,7061.61,7207.23,25489.38,183588691.22
7316.23,7368.09,7253.61,7253.82,14542.71,106581355.23
7399.49,7540.65,7295.33,7316.23,18230.94,135257936.53
7234.44,7414.07,7224.79,7399.49,23030.92,168180498.67
7183.88,7325.24,7141.94,7234.44,19424.26,140384995.27
7189.94,7267.16,7171.82,7183.88,11872.0,85986188.11
6965.72,7224.84,6945.83,7189.94,26531.32,187393954.35
7339.7,7407.11,6882.62,6965.72,51975.01,376690440.38
7357.5,7405.75,7278.6,7339.7,22083.57,162106895.05
7359.96,7501.42,7330.07,7357.5,24084.13,179147746.87
7762.69,7799.63,7355.11,7359.96,46443.66,352286216.6
8160.36,8218.63,7736.57,7762.69,75423.75,600054472.25
8045.15,8458.65,7873.97,8160.36,85087.59,699004342.7
7817.35,8047.11,7757.04,8045.15,40045.64,316199456.84
8190.31,8192.05,7682.56,7817.35,55534.09,441131626.25
8024.58,8287.42,8003.87,8190.31,30734.63,250060123.9
8181.49,8185.14,7968.4,8024.58,17525.61,142197585.82
8106.56,8200.4,8057.37,8181.49,22746.0,184437465.66
8820.95,8874.07,8106.4,8106.56,89444.78,768098459.01
8813.21,8890.04,8559.93,8820.95,50394.79,441186933.78
8719.63,8846.78,8586.56,8813.21,33539.82,290989712.92
8894.83,9004.35,8665.99,8719.63,48787.4,432856377.78
8909.28,8974.65,8807.26,8894.83,19872.9,176837362.25
8702.59,9177.39,8508.15,8909.28,47750.9,421483277.31
8634.03,8737.36,8521.52,8702.59,21888.47,189247381.47
8724.84,8771.75,8479.9,8634.03,22731.19,196404470.17
8667.26,8793.74,8582.43,8724.84,17278.13,149906743.85
8394.28,8680.93,8290.98,8667.26,38348.08,323273085.37
8431.78,8517.5,8225.83,8394.28,27811.03,233502998.73
8345.88,8444.32,8263.42,8431.78,14296.82,119345600.29
8602.37,8605.33,8302.57,8345.88,22444.54,189985702.21
8898.94,8991.01,8572.37,8602.37,37524.75,329416202.64
9391.97,9407.39,8892.58,8898.94,51850.54,471220882.55
9286.18,9429.16,9234.27,9391.97,36978.22,345265419.21
9501.38,9561.26,9181.72,9286.18,45852.79,430815723.66
9342.23,9518.87,9208.36,9501.38,31334.26,292627757.98
9384.45,9455.92,9296.57,9342.23,14778.25,138614091.6
9334.25,9469.84,9169.21,9384.45,24059.37,225322638.39
9288.96,9605.66,9230.83,9334.25,33363.87,312315107.48
9171.98,9347.12,9089.52,9288.96,26614.92,244997961.95
9611.42,9750.28,9162.98,9171.98,47150.99,448381299.88
9755.84,9853.08,9533.37,9611.42,42264.62,410313693.85
9808.36,9866.18,9714.16,9755.84,25549.21,249852208.28
9898.25,9936.26,9665.26,9808.36,24889.03,244352034.45
10157.78,10162.71,9880.67,9898.25,33829.57,340301629.71
9858.03,10185.09,9761.16,10157.78,40941.28,406256357.82
10269.43,10370.44,9716.32,9858.03,49240.73,495614708.0
10347.93,10475.43,10250.55,10269.43,43484.9,449510878.91
10233.32,10500.54,10081.02,10347.93,49389.81,507955951.95
10360.37,10387.37,10103.67,10233.32,28984.69,297409586.88
9905.43,10388.6,9789.89,10360.37,29878.88,300819428.52
9925.51,10042.6,9634.4,9905.43,27579.54,272176494.52
9702.48,9958.46,9482.71,9925.51,37157.31,359702988.14
10182.6,10274.35,9618.77,9702.48,38551.14,382869718.91
9602.43,10300.04,9340.17,10182.6,47506.68,473100344.44
9608.8,9698.59,9402.81,9602.43,36843.12,352949373.64
9697.86,9766.16,9582.07,9608.8,30286.18,293546157.49
9671.46,9720.21,9577.84,9697.86,12206.36,118171544.81
9977.39,10011.4,9669.88,9671.46,23058.71,228093371.59
9664.21,10019.3,9495.76,9977.39,34044.18,331102536.15
9316.18,9682.05,9258.4,9664.21,34827.75,329372824.71
8793.5,9379.07,8652.97,9316.18,65447.95,588359496.49
8821.5,8978.84,8540.74,8793.5,47005.39,413657559.37
8719.29,8908.8,8449.12,8821.5,41600.5,360795192.37
8545.45,8815.63,8545.32,8719.29,16806.37,146455562.43
8549.38,8776.71,8443.57,8545.45,25550.31,219324311.08
8919.74,8983.78,8521.79,8549.38,33004.6,290280969.41
8765.68,8940.69,8680.57,8919.74,28648.83,252211805.89
8773.78,8863.91,8690.82,8765.68,22115.34,194233894.05
9074.82,9179.74,8772.83,8773.78,33760.74,305196274.33
9160.39,9183.26,9015.35,9074.82,21090.1,192168163.64
8903.72,9225.42,8880.33,9160.39,20669.17,187063951.77
8057.67,8920.28,8033.06,8903.72,63231.33,533371350.28
7944.4,8200.82,7664.34,8057.67,86700.45,682781069.24
7894.66,8165.09,7758.12,7944.4,53646.28,427332546.47
7945.36,7998.79,7614.48,7894.66,47596.23,372704355.27
4916.78,7984.16,4736.21,7945.36,286243.45,1769476928.68
5632.58,5984.55,3948.92,4916.78,319316.54,1663092005.9
5181.77,5665.57,5069.29,5632.58,87978.27,474539626.45
5357.02,5961.78,5114.06,5181.77,105160.64,568696762.62
5045.0,5364.93,4454.22,5357.02,203116.86,996661883.31
5337.66,5561.43,4950.9,5045.0,116314.49,618671971.75
5413.06,5451.02,5024.71,5337.66,109210.96,576456805.62
6184.88,6418.99,5268.33,5413.06,147007.71,868668216.67
6206.44,6932.04,5691.69,6184.88,148232.44,947038097.64
6195.43,6459.65,5876.79,6206.44,67262.29,415771088.67
5828.15,6415.14,5750.68,6195.43,75451.24,457211401.95
6503.53,6614.56,5703.64,5828.15,107692.99,667919370.22
6767.18,6857.49,6406.64,6503.53,105151.69,700444488.16
6694.21,6980.29,6483.0,6767.18,84721.04,566264216.07
6757.95,6796.12,6539.61,6694.21,45203.7,302121295.09
6382.8,6876.97,6312.53,6757.95,57134.12,381303011.52
6252.49,6384.56,6051.23,6382.8,60814.06,378476570.98
5882.2,6286.96,5882.2,6252.49,47232.21,286789900.17
6403.31,6616.94,5874.8,5882.2,70623.69,445848282.11
6423.61,6531.66,6350.61,6403.31,36169.65,233613490.19
6663.63,6716.04,6168.0,6423.61,59228.61,377164250.74
6804.42,7245.15,6585.75,6663.63,93059.32,635319847.54
6743.68,7044.01,6618.82,6804.42,55578.32,379639119.54
6875.95,7010.45,6671.05,6743.68,33774.99,230044243.33
6781.64,6910.39,6689.07,6875.95,26776.41,182019861.58
7347.22,7359.05,6779.91,6781.64,78676.82,560075869.57
7201.57,7462.51,7084.52,7347.22,70648.16,516422836.71
7367.37,7425.85,7157.96,7201.57,60952.77,445330043.76
7294.55,7374.01,7124.88,7367.37,44071.93,321287689.9
6876.49,7304.8,6757.67,7294.55,63355.47,440132415.16
6887.6,6956.27,6785.52,6876.49,24917.32,171352839.69
6913.76,7199.97,6802.16,6887.6,42382.58,297514761.29
6859.43,6913.76,6612.34,6913.76,63091.4,426458894.19
6879.44,6986.75,6773.97,6859.43,44630.96,307409556.74
6629.54,6937.49,6614.79,6879.44,49708.81,336722796.75
7114.55,7207.11,6487.08,6629.54,98809.08,685621725.46
7037.12,7155.17,7005.79,7114.55,45840.75,324325510.78
7264.29,7304.35,7028.43,7037.12,35919.74,258251102.86
7132.88,7276.84,7072.33,7264.29,29493.83,211422409.66
6842.45,7225.23,6770.07,7132.88,64707.0,452319848.99
6855.11,6948.78,6779.51,6842.45,44531.91,305844254.34
7135.41,7165.43,6831.44,6855.11,43780.72,308254465.67
7489.25,7731.56,7041.2,7135.41,81106.87,599195847.97
7509.44,7607.28,7408.35,7489.25,51734.5,389027134.45
7546.92,7708.4,7445.98,7509.44,30165.48,227962632.37
7701.35,7705.3,7497.88,7546.92,33092.14,251857766.26
7787.41,7790.33,7639.98,7701.35,48551.15,374439201.77
7760.32,7791.85,7671.26,7787.41,38507.32,297442241.62
8784.96,8952.44,7733.02,7760.32,157978.19,1324299206.24
8637.56,9460.77,8416.64,8784.96,161267.28,1439132256.65
8829.12,9066.47,8631.39,8637.56,70407.63,620133839.66
8981.11,9013.29,8768.81,8829.12,36139.66,321429140.42
8907.19,9197.48,8735.78,8981.11,59476.78,534161419.79
8881.65,8968.9,8537.49,8907.19,64835.52,568639005.2
9029.75,9119.13,8781.58,8881.65,60185.36,538111122.64
9153.2,9408.99,8924.06,9029.75,88912.83,818515486.36
9999.93,10064.33,9042.52,9153.2,125991.41,1213223439.69
9808.18,10041.73,9728.64,9999.93,91540.3,907665361.58
9541.13,9912.22,9525.77,9808.18,59814.44,580103588.21
8735.05,9556.85,8228.22,9541.13,133597.2,1159765920.88
8568.88,9164.84,8228.58,8735.05,144898.27,1259789388.45
8821.18,8975.74,8541.95,8568.88,66073.43,580579256.62
9317.44,9407.67,8807.57,8821.18,68248.72,622255318.55
9793.19,9937.97,9263.29,9317.44,97176.37,936692997.58
9311.69,9841.71,9149.13,9793.19,84280.62,798930933.92
9387.08,9584.9,9224.32,9311.69,37023.76,348262438.61
9670.56,9885.55,9334.23,9387.08,52271.64,505834872.59
9722.73,9943.74,9476.37,9670.56,62325.78,606235218.3
9780.2,9890.69,9471.96,9722.73,60720.68,587660019.81
9509.45,9832.94,9323.82,9780.2,61892.78,593918718.08
9059.11,9566.81,8811.54,9509.45,87116.97,798218781.95
9170.74,9265.04,8936.82,9059.11,44400.9,405255700.32
9186.19,9311.34,9101.08,9170.74,23636.66,217819517.42
8718.49,9307.11,8707.14,9186.19,45736.61,412753415.47
8901.48,8977.43,8639.46,8718.49,43894.32,386241517.98
8844.5,9011.53,8705.66,8901.48,39855.17,352930782.24
9204.62,9222.3,8820.55,8844.5,42022.36,381475134.6
9579.71,9619.34,9112.3,9204.62,56625.62,530613444.11
9424.62,9601.43,9344.8,9579.71,40183.32,379875666.16
9699.78,9735.73,9340.45,9424.62,24640.28,235049817.45
9450.47,9703.51,9400.25,9699.78,22242.38,212143031.97
10211.23,10359.02,9421.6,9450.47,44485.42,435270237.66
9523.75,10232.25,9344.53,10211.23,82606.91,812990990.27
9666.06,9666.25,9408.56,9523.75,33114.73,316212538.78
9794.55,9877.89,9470.9,9666.06,43080.32,418578381.27
9622.02,9846.54,9611.19,9794.55,41806.08,406449067.36
9671.46,9728.4,9536.15,9622.02,22979.04,221180782.78
9750.7,9806.21,9410.33,9671.46,39020.91,374577294.36
9782.58,9801.19,9658.72,9750.7,32766.08,318606275.83
9779.7,9884.83,9604.13,9782.58,38753.41,376816490.4
9891.84,9990.4,9708.63,9779.7,40206.35,395005942.58
9268.13,9970.77,9093.42,9891.84,86717.5,827582593.73
9464.23,9548.13,9238.24,9268.13,40820.42,384322097.92
9474.65,9492.0,9363.89,9464.23,16597.62,156509665.57
9333.7,9479.56,9251.02,9474.65,19334.41,181308843.48
9429.65,9498.69,8909.5,9333.7,66872.84,616170633.01
9526.7,9585.17,9383.33,9429.65,39887.07,378768702.55
9459.13,9550.06,9243.06,9526.7,34516.51,325191529.46
9380.67,9480.04,9276.18,9459.13,25143.4,236301644.47
9301.83,9419.99,9239.58,9380.67,31669.73,295439171.8
9359.18,9394.04,9179.1,9301.83,19608.75,182464228.19
9292.81,9418.22,9282.53,9359.18,13199.69,123480945.26
9691.61,9774.79,9283.26,9292.81,41271.48,393567343.68
9624.3,9720.11,9580.47,9691.61,30724.93,296221140.11
9292.94,9664.38,9206.05,9624.3,49186.2,461570781.81
9241.32,9335.65,9000.53,9292.94,47297.43,435446758.27
9158.07,9289.32,9041.42,9241.32,40519.91,371373315.29
9007.14,9190.27,8867.34,9158.07,28152.32,254990739.33
9120.39,9189.74,8946.05,9007.14,19775.94,179558602.81
9187.07,9234.33,9026.42,9120.39,31119.19,283764928.26
9136.47,9200.99,9068.77,9187.07,23376.63,213905502.74
9238.89,9299.67,9097.33,9136.47,29846.4,274835041.39
9092.8,9267.84,8954.67,9238.89,37657.49,343433369.43
9066.46,9127.05,9047.38,9092.8,21807.46,198428092.21
9142.2,9195.91,9052.4,9066.46,16185.04,147598290.89
9081.44,9152.87,8935.9,9142.2,17548.22,159006413.09
9347.05,9372.09,9067.64,9081.44,36844.23,340664721.17
9257.32,9378.69,9208.31,9347.05,25836.94,239497399.36
9439.2,9471.65,9236.9,9257.32,37422.23,350318105.76
9238.95,9441.67,9171.37,9439.2,30177.18,280648694.08
9288.57,9317.31,9128.71,9238.95,24422.31,224680670.05
9237.13,9302.22,9188.13,9288.57,11785.42,108899834.63
9300.95,9339.99,9169.13,9237.13,16385.5,151649367.79
9237.89,9336.42,9201.18,9300.95,25872.33,240081841.21
9256.07,9279.57,9109.7,9237.89,25865.27,238308476.7
9193.22,9272.57,9160.89,9256.07,23480.12,216386874.26
9133.23,9216.53,9029.17,9193.22,27882.77,254255550.28
9156.79,9183.08,9080.61,9133.23,20542.6,187710134.42
9177.22,9205.94,9125.92,9156.79,11952.82,109563331.59
9216.02,9238.3,9113.41,9177.22,12797.83,117297958.15
9164.42,9224.76,9136.9,9216.02,18729.9,171877002.63
9392.83,9435.55,9162.25,9164.42,34505.35,337645738.93
9537.24,9551.87,9289.85,9392.83,29959.04,281661129.12
9615.21,9675.5,9458.25,9537.24,43462.72,415079930.39
9550.23,9647.83,9477.19,9615.21,33810.92,323092524.09
9708.41,9744.72,9536.76,9550.23,24211.0,233301043.7
9942.01,10140.55,9659.08,9708.41,42161.94,417337407.31
11042.94,11397.48,9935.51,9942.01,128836.3,1363674374.42
10933.26,11253.39,10590.98,11042.94,85478.78,938667838.04
11112.04,11348.53,10854.04,10933.26,61949.48,689206497.21
11113.66,11182.76,10875.14,11112.04,45655.22,503563543.58
11352.72,11454.11,10981.87,11113.66,54108.77,608151203.91
11812.42,11874.77,11240.98,11352.72,63746.48,741252933.72
11063.5,12106.89,10694.22,11812.42,63507.01,721639453.44
11234.73,11476.29,10945.66,11063.5,42060.85,473995003.36
11194.18,11415.16,11021.07,11234.73,35052.44,393301819.23
11752.05,11791.62,11095.47,11194.18,48146.58,555395574.17
11771.27,11909.81,11577.8,11752.05,49916.86,587033759.68
11603.82,11912.62,11350.42,11771.27,55865.16,651142052.53
11770.77,11811.4,11534.87,11603.82,23238.62,271582305.12
11686.34,11802.93,11533.93,11770.77,19874.64,231830330.42
11897.41,12074.31,11640.41,11686.34,56105.27,667803525.71
11389.01,11940.4,11138.6,11897.41,62677.5,724227264.93
11570.19,11621.05,11182.8,11389.01,37568.86,430758054.54
11790.68,11795.34,11284.57,11570.19,42205.26,487564726.98
11774.52,11863.43,11657.2,11790.68,37248.83,437825096.08
11860.91,11981.62,11697.88,11774.52,31094.75,369258184.57
11917.97,11934.96,11701.22,11860.91,22029.01,260716863.02
12301.19,12474.73,11775.66,11917.97,56064.01,682170133.05
11956.69,12397.4,11855.24,12301.19,49904.68,604246043.52
11760.37,12021.8,11592.2,11956.69,50094.06,590122894.96
11863.43,11888.72,11679.03,11760.37,43209.58,510502416.84
11527.35,11882.67,11494.52,11863.43,63548.27,745059089.73
11670.42,11686.02,11379.06,11527.35,49538.11,572197825.57
11651.52,11713.62,11521.6,11670.42,33405.25,388308826.36
11756.4,11827.45,11594.64,11651.52,39119.97,459366140.6
11330.56,11767.64,11130.36,11756.4,50836.08,583786229.48
11466.89,11542.65,11259.23,11330.56,27168.29,309986442.65
11331.02,11591.64,11135.52,11466.89,40978.91,464957172.93
11535.21,11553.81,11289.07,11331.02,30815.36,353027933.9
11480.48,11585.98,11433.8,11535.21,16305.87,187746012.8
11716.54,11718.98,11470.07,11480.48,16398.78,190649396.2
11657.81,11775.27,11586.36,11716.54,26331.03,307926585.75
11926.69,12062.06,11540.42,11657.81,45202.86,537292263.85
11397.9,11954.28,11219.19,11926.69,53717.87,618129314.2
10174.62,11469.2,10017.43,11397.9,82662.97,894736678.62
10467.33,10638.71,10020.02,10174.62,54204.6,562742223.01
10167.97,10570.95,9880.05,10467.33,60292.64,614402772.13
10260.37,10361.12,10019.56,10167.97,29450.0,300644746.65
10379.08,10411.92,9893.68,10260.37,41648.61,422137373.09
10128.54,10443.72,9855.68,10379.08,54770.65,553186747.41
10228.85,10349.09,9989.63,10128.54,33984.18,346738492.44
10345.68,10493.32,10221.37,10228.85,43679.85,452098495.16
10398.5,10412.6,10215.49,10345.68,25800.65,266084892.24
10448.0,10486.76,10282.43,10398.5,17704.47,184001054.5
10332.36,10578.97,10224.4,10448.0,28905.77,299956975.1
10678.31,10753.33,10259.62,10332.36,34032.31,359274837.28
10786.7,10936.89,10632.26,10678.31,34224.45,369481767.48
10957.1,11094.7,10670.02,10786.7,34093.35,372894154.99
10945.14,11047.25,10755.99,10957.1,26980.75,293584349.54
10937.89,11040.66,10823.93,10945.14,22774.38,248821618.73
11083.61,11173.88,10898.63,10937.89,17491.35,193207449.76
10921.85,11083.9,10775.23,11083.61,21791.13,237773866.86
10418.14,10992.25,10319.73,10921.85,44906.88,473754186.1
10534.73,10576.92,10365.99,10418.14,28764.85,301280976.85
10238.09,10546.48,10166.62,10534.73,26680.48,277589382.46
10742.98,10792.17,10213.75,10238.09,29020.54,304956298.0
10694.12,10762.38,10562.14,10742.98,33843.79,360929423.35
10734.23,10822.99,10658.15,10694.12,13794.51,148097714.06
10781.47,10810.35,10612.42,10734.23,13820.35,148127427.26
10699.0,10951.6,10649.18,10781.47,32269.15,350615325.76
10841.29,10863.02,10641.03,10699.0,31167.43,334584439.48
10779.42,10850.12,10666.17,10841.29,29556.58,317604086.65
10622.79,10926.47,10454.66,10779.42,39457.33,422940486.72
10576.64,10668.49,10388.07,10622.79,33798.95,355424408.51
10552.04,10602.28,10507.49,10576.64,10469.92,110570157.37
10675.52,10699.94,10534.5,10552.04,10487.7,111420779.07
10795.11,10799.53,10627.77,10675.52,23891.17,255950434.22
10603.9,10801.66,10533.32,10795.11,30869.62,329346366.4
10672.67,10679.76,10554.41,10603.9,19601.45,208253472.75
10929.4,10957.42,10541.2,10672.67,39280.36,423807796.12
11058.78,11109.32,10839.3,10929.4,32665.61,359802403.01
11301.57,11485.43,11057.98,11058.78,26181.83,296925751.27
11375.51,11434.1,11284.09,11301.57,17795.07,202131016.49
11539.76,11725.28,11223.99,11375.51,41705.77,478557074.68
11427.29,11561.69,11314.56,11539.76,33529.75,383360256.66
11429.3,11550.25,11298.88,11427.29,22758.2,259711904.03
11508.31,11607.59,11269.05,11429.3,33044.49,377801262.9
11326.25,11545.35,11224.89,11508.31,29300.16,332320579.31
11367.65,11410.01,11270.69,11326.25,9901.25,112306061.3
11513.33,11513.68,11357.25,11367.65,11528.41,131886570.58
11756.88,11821.95,11417.11,11513.33,39224.67,456404609.75
11921.78,12047.73,11688.39,11756.88,48504.61,576128149.71
12813.11,13236.39,11900.51,11921.78,103080.18,1296152945.69
12990.25,13197.69,12700.74,12813.11,57124.85,739591002.3
12937.2,13031.82,12732.62,12990.25,32269.84,416662855.54
13126.13,13167.31,12886.47,12937.2,20932.05,273005904.67
13041.21,13346.7,12910.39,13126.13,28208.48,368884232.62
13069.43,13241.79,12797.05,13041.21,35322.99,460984686.3
13646.02,13783.14,13060.64,13069.43,44978.37,603406480.39
13285.97,13855.57,12906.15,13646.02,32501.89,434942187.78
13462.18,13643.6,12985.56,13285.97,41497.54,555737562.11
13565.95,13674.89,13132.53,13462.18,56364.21,756044940.71
13803.41,14077.8,13432.24,13565.95,43579.77,600104833.89
13728.69,13897.02,13630.22,13803.41,8241.93,113185414.89
